id_costo,id_sucursal,id_producto,fecha_costo,cantidad_comprada,total_costo
5001,4,8,2025-01-09,8,320.0
5002,5,10,2024-09-03,9,405.0
5003,4,6,2024-11-24,10,1800.0
5004,2,1,2025-02-17,10,8000.0
5005,2,7,2024-03-28,10,900.0
5006,1,12,2025-01-25,10,100.0
5007,3,12,2025-01-27,6,60.0
5008,6,6,2024-09-17,10,1800.0
5009,4,10,2024-08-12,13,585.0
5010,4,4,2024-10-08,9,90.0
5011,1,8,2024-08-30,12,480.0
5012,5,7,2024-11-05,12,1080.0
5013,1,8,2024-07-18,15,600.0
5014,6,1,2025-01-12,14,11200.0
5015,6,3,2024-05-01,11,3300.0
5016,1,1,2024-08-14,13,10400.0
5017,4,8,2024-07-28,14,560.0
5018,5,2,2024-07-27,7,3500.0
5019,1,5,2025-02-03,13,260.0
5020,5,6,2024-06-24,8,1440.0
5021,5,8,2024-08-28,15,600.0
5022,4,9,2024-09-22,11,1650.0
5023,6,3,2024-10-17,13,3900.0
5024,1,9,2024-03-10,14,2100.0
5025,5,1,2024-10-05,8,6400.0
5026,6,9,2024-04-24,7,1050.0
5027,6,5,2025-02-05,7,140.0
5028,4,6,2024-05-05,14,2520.0
5029,3,3,2025-02-06,13,3900.0
5030,3,10,2025-02-05,11,495.0
5031,2,3,2024-12-08,11,3300.0
5032,4,1,2025-01-13,13,10400.0
5033,5,7,2024-11-11,13,1170.0
5034,6,1,2024-04-14,13,10400.0
5035,1,3,2024-06-15,14,4200.0
5036,1,9,2024-08-31,12,1800.0
5037,4,7,2024-04-07,12,1080.0
5038,4,4,2024-06-03,9,90.0
5039,1,10,2024-05-06,13,585.0
5040,4,2,2024-06-13,11,5500.0
5041,1,7,2024-03-30,15,1350.0
5042,2,6,2024-08-03,14,2520.0
5043,1,1,2024-10-04,13,10400.0
5044,4,2,2025-01-11,15,7500.0
5045,1,1,2024-07-14,14,11200.0
5046,6,4,2025-01-20,11,110.0
5047,1,1,2024-10-12,10,8000.0
5048,2,3,2024-06-30,8,2400.0
5049,4,2,2024-03-31,6,3000.0
5050,2,6,2025-02-03,14,2520.0
5051,2,11,2024-09-15,14,980.0
5052,4,12,2025-01-26,15,150.0
5053,4,5,2024-03-19,15,300.0
5054,1,10,2024-11-06,7,315.0
5055,5,6,2024-06-12,15,2700.0
5056,4,3,2024-06-18,5,1500.0
5057,5,12,2024-06-18,14,140.0
5058,1,9,2024-03-21,15,2250.0
5059,3,7,2024-03-28,11,990.0
5060,3,9,2024-08-14,9,1350.0
5061,6,5,2024-11-11,12,240.0
5062,5,8,2024-02-28,7,280.0
5063,2,1,2024-05-16,15,12000.0
5064,3,1,2024-08-03,9,7200.0
5065,5,5,2024-07-25,6,120.0
5066,4,11,2024-11-19,15,1050.0
5067,5,12,2025-02-18,15,150.0
5068,4,9,2025-02-25,13,1950.0
5069,3,3,2024-04-21,12,3600.0
5070,1,3,2024-07-29,12,3600.0
5071,1,11,2025-01-11,13,910.0
5072,4,7,2024-04-17,14,1260.0
5073,6,1,2025-02-20,13,10400.0
5074,1,11,2025-02-02,13,910.0
5075,6,2,2024-06-02,15,7500.0
5076,2,8,2024-12-23,9,360.0
5077,5,12,2025-01-28,11,110.0
5078,3,4,2024-08-20,8,80.0
5079,4,3,2024-12-01,5,1500.0
5080,2,8,2024-11-08,7,280.0
5081,4,1,2024-11-06,5,4000.0
5082,3,5,2024-05-14,13,260.0
5083,4,4,2024-03-31,14,140.0
5084,5,6,2024-11-30,10,1800.0
5085,6,1,2024-12-17,15,12000.0
5086,3,1,2024-10-24,11,8800.0
5087,6,3,2024-07-23,11,3300.0
5088,6,9,2024-11-28,11,1650.0
5089,2,10,2024-11-07,15,675.0
5090,3,1,2024-08-18,14,11200.0
5091,2,5,2024-12-17,14,280.0
5092,4,4,2024-06-16,8,80.0
5093,5,9,2025-02-20,5,750.0
5094,3,2,2024-07-20,10,5000.0
5095,5,6,2024-12-15,8,1440.0
5096,5,5,2024-05-11,14,280.0
5097,2,1,2024-04-10,5,4000.0
5098,2,12,2024-07-01,5,50.0
5099,6,4,2024-08-12,14,140.0
5100,2,7,2024-04-20,13,1170.0
5101,2,3,2024-06-23,13,3900.0
5102,4,12,2024-06-19,8,80.0
5103,6,3,2024-08-18,15,4500.0
5104,1,5,2024-09-29,5,100.0
5105,2,4,2024-10-17,14,140.0
5106,5,12,2024-09-29,6,60.0
5107,5,3,2024-12-24,6,1800.0
5108,4,10,2025-01-19,10,450.0
5109,5,8,2024-07-24,13,520.0
5110,2,4,2024-12-16,11,110.0
5111,2,9,2024-10-14,8,1200.0
5112,6,1,2024-06-25,6,4800.0
5113,3,9,2024-04-19,9,1350.0
5114,6,6,2024-07-10,5,900.0
5115,6,6,2024-04-03,7,1260.0
5116,1,4,2024-04-10,10,100.0
5117,1,6,2024-09-22,15,2700.0
5118,3,6,2025-01-03,6,1080.0
5119,1,2,2024-05-23,9,4500.0
5120,4,10,2024-05-18,14,630.0
5121,3,4,2024-12-05,9,90.0
5122,6,9,2024-12-21,9,1350.0
5123,1,11,2024-07-08,11,770.0
5124,2,10,2025-02-08,13,585.0
5125,6,3,2024-11-06,15,4500.0
5126,6,4,2024-12-29,13,130.0
5127,6,2,2024-08-03,9,4500.0
5128,1,4,2024-06-24,13,130.0
5129,3,10,2024-07-26,5,225.0
5130,5,7,2024-07-27,7,630.0
5131,5,5,2024-08-17,13,260.0
5132,4,3,2024-05-23,9,2700.0
5133,6,12,2024-12-27,6,60.0
5134,6,1,2024-09-26,9,7200.0
5135,6,11,2024-03-28,11,770.0
5136,5,1,2024-03-05,5,4000.0
5137,6,5,2024-08-28,9,180.0
5138,5,3,2025-01-07,14,4200.0
5139,3,2,2024-11-06,10,5000.0
5140,4,11,2024-12-04,5,350.0
5141,3,4,2024-11-08,9,90.0
5142,3,12,2024-11-05,10,100.0
5143,5,8,2024-05-09,8,320.0
5144,6,8,2025-01-10,6,240.0
5145,2,8,2024-12-28,10,400.0
5146,6,5,2025-02-23,12,240.0
5147,6,1,2024-03-01,12,9600.0
5148,6,12,2024-07-02,15,150.0
5149,2,4,2024-05-30,7,70.0
5150,6,12,2024-05-12,13,130.0
5151,6,1,2024-11-02,15,12000.0
5152,1,12,2024-03-03,9,90.0
5153,2,3,2024-10-26,10,3000.0
5154,6,5,2024-08-17,9,180.0
5155,3,4,2024-10-16,13,130.0
5156,3,6,2024-09-24,11,1980.0
5157,3,5,2024-04-27,6,120.0
5158,3,1,2024-07-16,9,7200.0
5159,5,12,2024-03-23,14,140.0
5160,4,1,2024-05-08,11,8800.0
5161,3,12,2024-07-25,10,100.0
5162,2,10,2024-08-09,10,450.0
5163,6,3,2024-12-23,12,3600.0
5164,2,10,2024-07-17,6,270.0
5165,1,6,2025-01-29,12,2160.0
5166,1,11,2025-01-15,9,630.0
5167,3,9,2024-07-23,9,1350.0
5168,4,6,2024-04-21,15,2700.0
5169,5,6,2024-07-19,13,2340.0
5170,6,4,2024-11-29,10,100.0
5171,1,7,2025-01-10,8,720.0
5172,2,8,2024-09-03,8,320.0
5173,2,9,2024-06-14,7,1050.0
5174,5,4,2024-04-13,10,100.0
5175,6,5,2024-05-28,15,300.0
5176,4,1,2024-09-14,12,9600.0
5177,3,6,2024-08-25,5,900.0
5178,3,9,2024-11-11,10,1500.0
5179,3,5,2024-09-26,5,100.0
5180,6,2,2024-11-11,12,6000.0
5181,5,4,2024-12-30,6,60.0
5182,2,9,2024-12-22,11,1650.0
5183,6,9,2024-12-27,6,900.0
5184,4,6,2024-08-07,11,1980.0
5185,4,2,2024-10-27,5,2500.0
5186,1,9,2024-12-20,15,2250.0
5187,3,10,2024-11-28,11,495.0
5188,5,12,2024-04-25,12,120.0
5189,5,5,2024-11-15,12,240.0
5190,2,4,2024-12-23,15,150.0
5191,1,12,2024-07-15,15,150.0
5192,2,1,2024-08-12,11,8800.0
5193,4,5,2024-08-07,9,180.0
5194,4,3,2025-02-23,14,4200.0
5195,3,2,2024-09-17,14,7000.0
5196,2,6,2024-04-28,6,1080.0
5197,1,7,2025-02-25,8,720.0
5198,3,9,2024-06-06,8,1200.0
5199,3,4,2024-05-10,9,90.0
5200,4,10,2025-02-16,12,540.0
5201,3,12,2024-05-05,5,50.0
5202,6,6,2024-03-21,5,900.0
5203,5,11,2024-07-28,15,1050.0
5204,2,6,2024-03-30,12,2160.0
5205,1,7,2025-01-19,14,1260.0
5206,6,9,2025-02-02,11,1650.0
5207,5,3,2025-01-13,12,3600.0
5208,5,1,2024-08-10,13,10400.0
5209,1,2,2024-11-28,6,3000.0
5210,1,7,2024-12-23,13,1170.0
5211,4,8,2024-11-02,13,520.0
5212,1,10,2024-03-21,5,225.0
5213,1,11,2024-09-20,8,560.0
5214,2,5,2025-01-02,15,300.0
5215,6,6,2025-02-01,8,1440.0
5216,6,2,2024-03-12,12,6000.0
5217,6,7,2024-04-14,11,990.0
5218,6,7,2024-10-01,12,1080.0
5219,3,8,2024-06-07,10,400.0
5220,6,12,2025-02-25,5,50.0
5221,1,1,2024-05-10,6,4800.0
5222,3,10,2024-10-25,7,315.0
5223,2,8,2024-06-16,6,240.0
5224,2,4,2024-08-08,13,130.0
5225,1,4,2024-10-06,9,90.0
5226,5,5,2025-02-22,6,120.0
5227,5,3,2024-07-02,13,3900.0
5228,3,4,2024-11-07,12,120.0
5229,5,12,2024-03-16,13,130.0
5230,2,9,2024-12-13,6,900.0
5231,5,2,2024-12-17,7,3500.0
5232,3,8,2024-04-18,15,600.0
5233,6,3,2024-04-03,12,3600.0
5234,2,6,2024-10-25,14,2520.0
5235,2,3,2024-08-21,8,2400.0
5236,3,6,2024-04-06,9,1620.0
5237,5,8,2024-10-27,8,320.0
5238,3,4,2025-01-06,14,140.0
5239,2,5,2024-03-03,6,120.0
5240,2,5,2025-02-05,9,180.0
5241,3,5,2024-11-28,13,260.0
5242,4,7,2024-06-12,5,450.0
5243,5,4,2024-08-22,12,120.0
5244,4,5,2025-02-24,11,220.0
5245,1,12,2024-03-07,6,60.0
5246,1,2,2025-02-23,7,3500.0
5247,3,6,2025-02-19,5,900.0
5248,2,8,2024-11-27,13,520.0
5249,5,4,2025-02-15,14,140.0
5250,4,9,2025-02-02,11,1650.0
5251,6,11,2025-02-10,13,910.0
5252,5,10,2024-06-20,12,540.0
5253,5,2,2024-03-02,11,5500.0
5254,3,8,2024-04-06,15,600.0
5255,5,6,2024-07-26,9,1620.0
5256,6,7,2024-08-04,12,1080.0
5257,4,4,2024-07-16,7,70.0
5258,4,10,2024-05-18,15,675.0
5259,1,10,2024-09-27,5,225.0
5260,1,2,2025-02-08,10,5000.0
5261,4,3,2025-01-12,6,1800.0
5262,1,7,2025-02-18,15,1350.0
5263,6,11,2024-08-06,14,980.0
5264,4,5,2024-03-11,9,180.0
5265,5,4,2024-05-22,15,150.0
5266,3,10,2024-07-23,12,540.0
5267,1,11,2024-05-12,11,770.0
5268,6,2,2024-12-11,13,6500.0
5269,6,1,2024-08-25,14,11200.0
5270,3,9,2024-05-09,12,1800.0
5271,5,1,2024-10-08,6,4800.0
5272,1,7,2024-12-04,5,450.0
5273,4,1,2024-05-21,11,8800.0
5274,1,1,2024-11-17,5,4000.0
5275,5,4,2025-01-14,6,60.0
5276,3,10,2024-03-04,15,675.0
5277,4,2,2024-06-09,12,6000.0
5278,5,9,2024-09-15,10,1500.0
5279,5,5,2024-10-22,12,240.0
5280,5,9,2024-09-08,7,1050.0
5281,1,5,2024-07-08,15,300.0
5282,6,9,2024-11-26,11,1650.0
5283,5,11,2024-09-23,5,350.0
5284,6,7,2025-01-31,9,810.0
5285,1,12,2024-05-07,14,140.0
5286,6,12,2024-12-17,12,120.0
5287,1,1,2024-08-10,13,10400.0
5288,6,5,2024-07-21,5,100.0
5289,6,9,2025-02-24,8,1200.0
5290,3,5,2024-06-30,12,240.0
5291,3,1,2024-11-07,15,12000.0
5292,4,3,2025-02-06,13,3900.0
5293,1,12,2024-08-12,15,150.0
5294,5,9,2024-04-26,11,1650.0
5295,2,1,2024-10-03,7,5600.0
5296,4,7,2024-12-17,8,720.0
5297,1,3,2024-08-18,12,3600.0
5298,1,6,2024-06-11,11,1980.0
5299,4,10,2024-08-02,7,315.0
5300,1,1,2024-11-19,6,4800.0
5301,1,11,2024-07-22,5,350.0
5302,3,3,2024-06-05,7,2100.0
5303,2,6,2024-10-31,10,1800.0
5304,4,2,2024-03-27,11,5500.0
5305,6,3,2024-07-31,9,2700.0
5306,1,5,2024-11-27,5,100.0
5307,1,3,2024-09-27,15,4500.0
5308,5,11,2024-07-31,7,490.0
5309,1,10,2024-10-25,11,495.0
5310,5,1,2024-12-08,8,6400.0
5311,4,10,2024-10-15,11,495.0
5312,5,10,2024-03-05,15,675.0
5313,3,12,2024-07-16,9,90.0
5314,6,8,2024-12-20,8,320.0
5315,4,8,2025-01-09,8,320.0
5316,5,11,2025-01-20,15,1050.0
5317,6,9,2024-07-11,11,1650.0
5318,6,1,2025-02-25,7,5600.0
5319,6,1,2025-01-03,6,4800.0
5320,2,12,2024-09-25,12,120.0
5321,2,10,2025-02-03,9,405.0
5322,5,11,2024-09-04,11,770.0
5323,2,12,2024-07-07,15,150.0
5324,4,10,2024-08-03,15,675.0
5325,6,2,2024-11-15,8,4000.0
5326,2,1,2024-04-02,11,8800.0
5327,1,2,2025-01-09,7,3500.0
5328,1,11,2024-12-07,8,560.0
5329,3,10,2024-11-22,7,315.0
5330,4,5,2024-10-12,10,200.0
5331,6,3,2024-04-08,13,3900.0
5332,2,3,2024-05-07,9,2700.0
5333,2,11,2025-01-12,9,630.0
5334,2,8,2024-09-13,6,240.0
5335,4,4,2024-08-12,8,80.0
5336,3,12,2024-03-09,15,150.0
5337,3,9,2024-07-22,5,750.0
5338,6,9,2024-05-04,13,1950.0
5339,2,8,2024-05-09,7,280.0
5340,2,3,2024-06-30,6,1800.0
5341,6,8,2024-06-29,5,200.0
5342,5,8,2024-07-03,13,520.0
5343,5,5,2024-04-27,14,280.0
5344,1,10,2025-01-06,12,540.0
5345,2,4,2024-11-02,8,80.0
5346,5,8,2024-06-25,8,320.0
5347,1,6,2024-03-03,5,900.0
5348,6,9,2024-10-14,7,1050.0
5349,6,2,2024-11-30,11,5500.0
5350,2,10,2024-06-01,5,225.0
5351,4,5,2025-02-03,9,180.0
5352,4,5,2024-08-02,12,240.0
5353,3,12,2024-07-03,7,70.0
5354,4,7,2024-08-10,11,990.0
5355,4,2,2024-11-14,8,4000.0
5356,1,6,2025-02-03,15,2700.0
5357,4,12,2024-12-12,5,50.0
5358,6,12,2024-03-01,7,70.0
5359,3,5,2024-04-08,13,260.0
5360,5,6,2024-08-22,5,900.0
5361,3,4,2024-05-17,12,120.0
5362,5,10,2024-05-02,5,225.0
5363,4,12,2024-11-05,5,50.0
5364,1,9,2024-04-14,13,1950.0
5365,5,7,2024-10-28,12,1080.0
5366,5,5,2025-01-16,5,100.0
5367,5,4,2024-08-02,6,60.0
5368,6,1,2024-09-21,5,4000.0
5369,4,2,2024-11-15,5,2500.0
5370,2,7,2024-03-25,9,810.0
5371,5,4,2024-08-28,12,120.0
5372,2,11,2024-03-21,7,490.0
5373,4,8,2024-08-30,9,360.0
5374,5,10,2024-04-24,10,450.0
5375,3,3,2025-01-13,10,3000.0
5376,5,6,2024-04-27,6,1080.0
5377,4,4,2024-05-25,12,120.0
5378,3,7,2024-12-17,13,1170.0
5379,1,12,2024-06-04,10,100.0
5380,2,9,2024-12-16,9,1350.0
5381,2,1,2024-12-11,13,10400.0
5382,3,4,2024-07-20,5,50.0
5383,3,9,2024-08-21,6,900.0
5384,1,10,2024-07-15,6,270.0
5385,3,8,2024-03-20,12,480.0
5386,5,1,2024-09-16,12,9600.0
5387,6,12,2024-07-21,7,70.0
5388,3,5,2024-07-01,11,220.0
5389,3,7,2024-04-19,5,450.0
5390,2,1,2024-10-11,15,12000.0
5391,5,6,2024-08-06,10,1800.0
5392,2,8,2024-05-09,9,360.0
5393,1,1,2024-11-26,13,10400.0
5394,6,9,2025-02-05,5,750.0
5395,2,9,2025-02-22,15,2250.0
5396,4,10,2024-04-19,10,450.0
5397,5,6,2025-02-12,13,2340.0
5398,2,9,2024-07-14,12,1800.0
5399,1,3,2024-04-09,7,2100.0
5400,3,1,2024-06-06,13,10400.0
5401,5,4,2024-05-12,11,110.0
5402,3,6,2024-04-18,14,2520.0
5403,1,1,2024-06-04,5,4000.0
5404,5,6,2025-01-27,5,900.0
5405,6,7,2024-08-22,5,450.0
5406,1,2,2025-01-17,6,3000.0
5407,1,8,2024-12-16,9,360.0
5408,1,6,2024-12-06,6,1080.0
5409,2,7,2024-07-08,7,630.0
5410,4,6,2024-03-23,13,2340.0
5411,3,4,2024-09-12,13,130.0
5412,5,4,2024-06-06,15,150.0
5413,1,9,2024-08-14,9,1350.0
5414,5,3,2024-04-09,9,2700.0
5415,6,12,2024-11-24,10,100.0
5416,2,9,2024-11-02,11,1650.0
5417,6,7,2024-08-27,10,900.0
5418,6,9,2024-05-14,6,900.0
5419,5,10,2024-05-01,9,405.0
5420,4,2,2024-05-09,7,3500.0
5421,3,8,2024-05-16,14,560.0
5422,6,4,2024-11-13,13,130.0
5423,5,6,2024-12-28,7,1260.0
5424,1,1,2024-09-17,9,7200.0
5425,3,10,2024-07-14,10,450.0
5426,4,9,2024-07-25,12,1800.0
5427,6,1,2024-11-03,7,5600.0
5428,2,3,2024-10-07,5,1500.0
5429,6,12,2024-07-24,8,80.0
5430,6,5,2024-10-21,5,100.0
5431,6,11,2024-12-30,11,770.0
5432,5,4,2024-08-19,15,150.0
5433,5,8,2024-09-20,13,520.0
5434,3,6,2024-07-20,6,1080.0
5435,6,1,2024-07-14,8,6400.0
5436,1,8,2025-01-29,14,560.0
5437,5,4,2024-04-06,12,120.0
5438,5,6,2024-10-07,13,2340.0
5439,5,1,2024-05-19,15,12000.0
5440,2,9,2024-11-01,10,1500.0
5441,3,3,2024-04-25,6,1800.0
5442,4,6,2024-08-16,13,2340.0
5443,3,6,2024-05-18,9,1620.0
5444,4,9,2024-09-01,13,1950.0
5445,6,6,2024-05-25,8,1440.0
5446,3,4,2024-07-22,13,130.0
5447,4,9,2024-11-11,8,1200.0
5448,4,2,2024-04-20,6,3000.0
5449,2,7,2024-11-15,8,720.0
5450,2,10,2024-12-24,13,585.0
5451,1,10,2024-06-13,6,270.0
5452,4,10,2024-08-11,7,315.0
5453,6,7,2024-12-26,8,720.0
5454,1,7,2025-01-21,10,900.0
5455,1,8,2024-10-26,10,400.0
5456,6,4,2024-12-08,10,100.0
5457,6,1,2024-10-06,13,10400.0
5458,3,7,2024-06-22,12,1080.0
5459,3,1,2024-11-19,15,12000.0
5460,6,1,2024-03-20,9,7200.0
5461,3,11,2025-02-17,15,1050.0
5462,5,6,2024-11-01,9,1620.0
5463,4,8,2024-04-30,11,440.0
5464,2,8,2024-09-17,11,440.0
5465,3,11,2024-12-26,6,420.0
5466,5,3,2024-04-27,10,3000.0
5467,5,11,2024-07-05,10,700.0
5468,5,7,2024-04-10,8,720.0
5469,5,9,2024-11-22,9,1350.0
5470,2,7,2024-10-10,10,900.0
5471,5,6,2025-02-11,15,2700.0
5472,1,1,2025-02-03,6,4800.0
5473,1,1,2024-05-23,5,4000.0
5474,3,10,2024-11-28,10,450.0
5475,3,4,2024-11-13,5,50.0
5476,1,6,2024-03-01,12,2160.0
5477,6,7,2024-08-05,6,540.0
5478,6,11,2024-10-06,11,770.0
5479,2,12,2024-12-20,10,100.0
5480,4,10,2024-08-20,7,315.0
5481,5,10,2024-09-27,13,585.0
5482,2,5,2024-05-29,12,240.0
5483,5,5,2025-02-25,12,240.0
5484,1,9,2024-10-03,8,1200.0
5485,2,9,2025-01-26,8,1200.0
5486,1,6,2024-09-06,10,1800.0
5487,6,5,2025-01-21,7,140.0
5488,4,6,2024-12-25,7,1260.0
5489,3,7,2025-01-29,9,810.0
5490,1,12,2024-06-28,11,110.0
5491,6,4,2025-02-13,14,140.0
5492,6,5,2025-02-09,13,260.0
5493,6,9,2024-04-19,8,1200.0
5494,3,8,2025-01-12,5,200.0
5495,5,1,2024-12-29,15,12000.0
5496,2,11,2024-08-20,10,700.0
5497,1,1,2024-10-04,15,12000.0
5498,3,2,2024-09-20,13,6500.0
5499,4,10,2025-01-12,7,315.0
5500,6,10,2024-05-05,6,270.0
5501,5,1,2024-07-01,14,11200.0
5502,1,12,2024-06-25,9,90.0
5503,3,9,2024-11-28,12,1800.0
5504,1,5,2025-01-11,14,280.0
5505,2,9,2024-11-22,14,2100.0
5506,1,5,2024-11-02,5,100.0
5507,5,11,2024-12-04,15,1050.0
5508,6,3,2024-05-18,7,2100.0
5509,3,12,2024-12-12,11,110.0
5510,5,1,2024-09-21,5,4000.0
5511,4,4,2025-02-05,15,150.0
5512,3,11,2024-03-25,6,420.0
5513,4,8,2024-05-02,7,280.0
5514,1,4,2024-04-27,12,120.0
5515,2,4,2024-03-14,10,100.0
5516,2,9,2024-10-31,9,1350.0
5517,2,11,2024-11-17,12,840.0
5518,4,7,2024-10-09,12,1080.0
5519,4,3,2025-01-09,14,4200.0
5520,1,8,2025-01-21,15,600.0
5521,1,5,2024-03-07,11,220.0
5522,2,11,2024-08-20,12,840.0
5523,5,5,2024-11-08,8,160.0
5524,2,11,2024-08-08,9,630.0
5525,5,10,2024-04-29,15,675.0
5526,1,8,2024-12-03,7,280.0
5527,6,9,2024-08-15,11,1650.0
5528,1,4,2024-03-31,7,70.0
5529,6,8,2024-10-31,12,480.0
5530,6,8,2025-01-04,12,480.0
5531,6,9,2024-05-07,13,1950.0
5532,1,1,2024-04-24,15,12000.0
5533,4,7,2024-07-04,5,450.0
5534,4,8,2024-04-30,9,360.0
5535,2,1,2024-07-14,7,5600.0
5536,3,10,2024-05-31,14,630.0
5537,4,5,2024-06-14,5,100.0
5538,6,12,2025-02-18,15,150.0
5539,3,2,2024-12-02,9,4500.0
5540,1,2,2024-12-20,8,4000.0
5541,6,7,2024-03-27,5,450.0
5542,2,7,2024-06-05,14,1260.0
5543,4,1,2025-01-13,15,12000.0
5544,6,8,2024-06-09,10,400.0
5545,4,7,2024-10-14,15,1350.0
5546,5,6,2024-11-30,10,1800.0
5547,6,6,2024-10-10,12,2160.0
5548,2,8,2025-01-14,11,440.0
5549,4,11,2024-04-26,5,350.0
5550,3,4,2024-05-24,13,130.0
5551,2,10,2024-12-07,14,630.0
5552,4,1,2024-09-16,11,8800.0
5553,6,4,2024-07-02,10,100.0
5554,1,6,2025-01-30,5,900.0
5555,1,11,2024-09-11,8,560.0
5556,1,5,2025-02-18,12,240.0
5557,3,3,2024-05-08,6,1800.0
5558,1,9,2024-03-26,10,1500.0
5559,5,9,2025-01-07,7,1050.0
5560,4,3,2024-03-25,5,1500.0
5561,1,5,2024-04-09,6,120.0
5562,1,12,2025-02-08,14,140.0
5563,6,11,2024-08-31,15,1050.0
5564,1,3,2024-07-25,15,4500.0
5565,6,1,2024-04-14,15,12000.0
5566,4,8,2024-12-27,11,440.0
5567,4,7,2024-06-02,8,720.0
5568,6,1,2024-07-09,15,12000.0
5569,1,7,2024-05-10,5,450.0
5570,2,3,2024-05-08,12,3600.0
5571,6,10,2024-02-29,11,495.0
5572,3,2,2024-12-03,15,7500.0
5573,5,5,2024-05-16,10,200.0
5574,3,5,2024-02-29,14,280.0
5575,4,7,2024-05-15,15,1350.0
5576,2,2,2024-08-24,5,2500.0
5577,3,12,2025-02-19,14,140.0
5578,1,3,2024-10-17,10,3000.0
5579,4,12,2024-09-28,9,90.0
5580,5,5,2024-02-27,9,180.0
5581,5,6,2024-05-01,5,900.0
5582,4,9,2024-04-06,5,750.0
5583,4,6,2025-02-18,11,1980.0
5584,6,9,2024-10-04,7,1050.0
5585,2,1,2024-12-31,15,12000.0
5586,1,9,2024-09-22,9,1350.0
5587,3,5,2024-08-29,7,140.0
5588,4,2,2024-09-13,14,7000.0
5589,1,3,2024-04-26,9,2700.0
5590,4,12,2024-05-04,6,60.0
5591,4,2,2025-02-22,6,3000.0
5592,6,9,2024-06-10,5,750.0
5593,5,5,2024-07-09,15,300.0
5594,3,11,2024-04-03,5,350.0
5595,6,6,2024-10-30,10,1800.0
5596,5,2,2024-07-31,12,6000.0
5597,3,7,2024-05-10,14,1260.0
5598,2,5,2024-03-18,10,200.0
5599,3,7,2024-10-15,13,1170.0
5600,1,11,2024-11-24,7,490.0
5601,4,3,2024-09-26,15,4500.0
5602,3,12,2025-01-15,11,110.0
5603,5,4,2024-12-28,9,90.0
5604,3,5,2024-05-24,14,280.0
5605,4,9,2025-01-11,11,1650.0
5606,3,9,2024-03-14,9,1350.0
5607,3,10,2024-12-13,12,540.0
5608,3,6,2024-07-14,15,2700.0
5609,1,4,2024-12-12,14,140.0
5610,1,1,2025-01-31,7,5600.0
5611,5,11,2024-04-25,12,840.0
5612,4,5,2024-06-30,12,240.0
5613,1,11,2025-01-15,14,980.0
5614,5,7,2024-03-05,9,810.0
5615,3,6,2024-03-08,11,1980.0
5616,2,11,2024-07-28,12,840.0
5617,2,4,2024-03-12,11,110.0
5618,3,11,2024-07-08,14,980.0
5619,2,12,2024-04-28,6,60.0
5620,4,11,2024-03-07,7,490.0
5621,2,3,2024-12-31,7,2100.0
5622,5,5,2024-05-19,11,220.0
5623,2,10,2024-04-04,13,585.0
5624,2,4,2025-02-02,14,140.0
5625,5,7,2024-12-07,7,630.0
5626,6,3,2024-09-07,6,1800.0
5627,6,5,2025-01-22,12,240.0
5628,4,2,2024-08-29,12,6000.0
5629,6,12,2024-09-07,5,50.0
5630,3,9,2024-08-27,15,2250.0
5631,1,5,2024-10-27,13,260.0
5632,2,8,2024-09-02,6,240.0
5633,5,3,2025-02-07,10,3000.0
5634,2,12,2024-08-07,5,50.0
5635,1,2,2024-09-06,5,2500.0
5636,1,4,2024-03-24,9,90.0
5637,6,10,2024-11-18,11,495.0
5638,2,5,2024-09-09,9,180.0
5639,6,6,2024-03-31,13,2340.0
5640,5,12,2025-02-12,12,120.0
5641,2,5,2024-08-28,15,300.0
5642,2,10,2024-09-14,11,495.0
5643,2,2,2024-11-23,12,6000.0
5644,3,1,2024-12-18,5,4000.0
5645,4,2,2024-12-19,5,2500.0
5646,2,11,2024-07-04,11,770.0
5647,3,4,2024-09-05,13,130.0
5648,5,7,2024-09-06,13,1170.0
5649,1,4,2024-03-27,11,110.0
5650,5,7,2024-09-27,9,810.0
5651,5,12,2024-03-12,14,140.0
5652,3,12,2024-05-11,7,70.0
5653,5,4,2024-11-28,14,140.0
5654,4,5,2024-05-03,7,140.0
5655,1,9,2024-12-27,15,2250.0
5656,5,1,2024-12-26,7,5600.0
5657,2,2,2024-05-09,8,4000.0
5658,5,9,2024-10-11,10,1500.0
5659,3,7,2025-01-29,6,540.0
5660,1,12,2024-03-14,9,90.0
5661,2,2,2024-11-07,15,7500.0
5662,5,4,2024-11-26,5,50.0
5663,3,11,2024-08-18,10,700.0
5664,5,8,2024-05-03,8,320.0
5665,5,11,2025-02-01,7,490.0
5666,3,10,2024-04-07,15,675.0
5667,4,8,2025-01-04,9,360.0
5668,4,6,2024-09-28,14,2520.0
5669,6,4,2024-10-14,9,90.0
5670,5,10,2025-01-20,9,405.0
5671,5,4,2024-05-01,5,50.0
5672,6,5,2025-02-03,9,180.0
5673,3,9,2024-06-15,5,750.0
5674,4,2,2024-03-28,11,5500.0
5675,4,10,2025-01-14,10,450.0
5676,3,6,2024-06-27,7,1260.0
5677,4,2,2024-05-02,12,6000.0
5678,3,1,2024-06-29,8,6400.0
5679,1,9,2025-02-01,8,1200.0
5680,4,9,2025-01-27,5,750.0
5681,3,10,2024-09-25,8,360.0
5682,4,3,2024-05-18,13,3900.0
5683,1,5,2025-02-07,7,140.0
5684,6,6,2024-04-28,15,2700.0
5685,6,6,2024-11-06,12,2160.0
5686,4,9,2024-07-21,12,1800.0
5687,2,6,2024-12-24,5,900.0
5688,2,8,2024-08-31,6,240.0
5689,3,11,2024-12-30,7,490.0
5690,5,4,2025-02-22,14,140.0
5691,3,1,2024-05-06,11,8800.0
5692,1,12,2024-07-11,5,50.0
5693,4,12,2024-09-13,9,90.0
5694,3,9,2024-03-11,5,750.0
5695,5,9,2024-11-06,5,750.0
5696,4,11,2024-08-02,7,490.0
5697,2,7,2025-01-16,15,1350.0
5698,3,12,2024-04-08,5,50.0
5699,1,4,2024-08-14,14,140.0
5700,2,12,2024-12-26,12,120.0
5701,1,1,2024-10-30,11,8800.0
5702,4,9,2024-05-14,10,1500.0
5703,2,2,2024-04-06,5,2500.0
5704,5,6,2024-08-30,13,2340.0
5705,5,5,2025-02-19,10,200.0
5706,2,3,2024-07-26,10,3000.0
5707,6,4,2024-09-04,7,70.0
5708,6,1,2024-06-02,7,5600.0
5709,3,6,2024-04-27,10,1800.0
5710,2,1,2024-09-03,8,6400.0
5711,1,6,2024-12-16,9,1620.0
5712,1,9,2024-09-07,14,2100.0
5713,3,9,2024-12-23,14,2100.0
5714,3,6,2024-04-09,13,2340.0
5715,1,12,2025-02-12,7,70.0
5716,6,1,2024-10-11,10,8000.0
5717,5,10,2024-07-20,13,585.0
5718,5,2,2024-05-26,14,7000.0
5719,6,3,2024-08-18,7,2100.0
5720,2,10,2024-08-20,14,630.0
5721,2,7,2024-04-15,10,900.0
5722,5,9,2024-12-14,14,2100.0
5723,2,9,2024-06-27,13,1950.0
5724,2,7,2024-03-27,12,1080.0
5725,2,9,2024-08-27,5,750.0
5726,1,6,2025-01-02,12,2160.0
5727,1,5,2024-10-01,8,160.0
5728,3,12,2025-02-02,10,100.0
5729,3,12,2024-09-17,15,150.0
5730,6,12,2024-07-13,14,140.0
5731,1,10,2025-01-05,15,675.0
5732,1,8,2024-04-08,14,560.0
5733,6,8,2024-09-08,11,440.0
5734,5,3,2024-05-12,12,3600.0
5735,5,12,2024-05-31,7,70.0
5736,2,7,2024-11-05,5,450.0
5737,5,7,2024-04-18,10,900.0
5738,1,2,2024-03-27,13,6500.0
5739,6,9,2024-11-25,13,1950.0
5740,3,1,2024-12-02,14,11200.0
5741,3,2,2024-09-30,7,3500.0
5742,1,10,2024-09-21,10,450.0
5743,2,8,2024-05-25,11,440.0
5744,3,1,2024-07-08,9,7200.0
5745,5,7,2024-08-15,8,720.0
5746,1,3,2025-02-19,8,2400.0
5747,1,8,2024-03-17,8,320.0
5748,2,1,2024-05-21,13,10400.0
5749,4,7,2024-05-11,9,810.0
5750,2,10,2024-10-31,13,585.0
5751,2,1,2025-01-18,7,5600.0
5752,6,7,2024-08-11,13,1170.0
5753,1,9,2024-12-18,10,1500.0
5754,5,1,2024-03-12,8,6400.0
5755,6,11,2024-03-06,8,560.0
5756,5,1,2024-03-25,9,7200.0
5757,6,5,2024-09-07,12,240.0
5758,3,11,2025-02-24,8,560.0
5759,6,5,2024-11-25,11,220.0
5760,2,2,2024-08-31,10,5000.0
5761,1,8,2024-09-10,12,480.0
5762,1,9,2024-12-28,11,1650.0
5763,5,7,2024-06-05,14,1260.0
5764,6,7,2024-09-22,6,540.0
5765,1,1,2024-05-01,12,9600.0
5766,3,2,2024-11-03,7,3500.0
5767,2,9,2024-09-30,10,1500.0
5768,4,4,2024-03-26,15,150.0
5769,3,6,2024-08-31,13,2340.0
5770,1,1,2024-10-20,9,7200.0
5771,5,11,2024-03-27,9,630.0
5772,3,9,2024-08-18,10,1500.0
5773,4,8,2024-05-25,9,360.0
5774,3,7,2024-06-18,5,450.0
5775,2,7,2024-07-18,9,810.0
5776,4,6,2024-05-16,9,1620.0
5777,5,4,2024-08-12,11,110.0
5778,3,12,2024-06-03,9,90.0
5779,4,11,2024-09-02,7,490.0
5780,1,1,2024-10-03,10,8000.0
5781,1,4,2024-05-10,8,80.0
5782,5,9,2024-07-20,5,750.0
5783,2,9,2024-11-25,10,1500.0
5784,4,11,2024-07-04,15,1050.0
5785,4,8,2025-01-01,5,200.0
5786,1,10,2024-04-15,13,585.0
5787,6,11,2024-11-18,6,420.0
5788,4,8,2024-08-12,8,320.0
5789,3,7,2024-08-16,15,1350.0
5790,3,9,2024-05-29,12,1800.0
5791,1,7,2025-02-19,14,1260.0
5792,5,6,2024-09-26,14,2520.0
5793,6,2,2024-03-02,12,6000.0
5794,6,8,2024-11-08,14,560.0
5795,3,6,2024-10-19,12,2160.0
5796,3,2,2024-11-08,9,4500.0
5797,6,12,2024-09-26,12,120.0
5798,1,7,2024-05-28,8,720.0
5799,1,1,2024-10-30,12,9600.0
5800,4,4,2024-03-29,14,140.0
5801,2,5,2024-03-30,13,260.0
5802,4,11,2024-10-16,9,630.0
5803,3,3,2024-07-23,8,2400.0
5804,6,5,2024-05-27,7,140.0
5805,3,3,2024-08-15,8,2400.0
5806,3,7,2024-03-22,7,630.0
5807,6,4,2024-12-13,6,60.0
5808,2,10,2024-05-07,13,585.0
5809,2,4,2024-12-18,15,150.0
5810,4,3,2024-06-10,8,2400.0
5811,3,11,2024-06-08,14,980.0
5812,1,5,2024-07-27,10,200.0
5813,3,11,2024-05-19,15,1050.0
5814,6,7,2024-09-15,12,1080.0
5815,1,9,2024-10-10,5,750.0
5816,5,1,2025-02-24,14,11200.0
5817,2,8,2024-11-20,15,600.0
5818,3,6,2024-07-26,11,1980.0
5819,6,6,2024-07-12,15,2700.0
5820,6,11,2024-07-30,9,630.0
5821,1,4,2024-06-07,15,150.0
5822,1,3,2024-12-12,15,4500.0
5823,4,10,2024-03-28,5,225.0
5824,4,8,2024-04-22,8,320.0
5825,1,11,2024-06-21,13,910.0
5826,5,2,2024-12-28,5,2500.0
5827,2,12,2024-07-11,8,80.0
5828,6,12,2024-07-04,5,50.0
5829,6,4,2024-04-24,6,60.0
5830,3,1,2024-09-24,8,6400.0
5831,2,4,2024-03-01,8,80.0
5832,3,6,2025-01-01,13,2340.0
5833,2,4,2024-04-24,10,100.0
5834,5,5,2024-06-18,7,140.0
5835,1,5,2024-04-18,8,160.0
5836,5,12,2024-02-28,14,140.0
5837,3,6,2024-12-02,11,1980.0
5838,3,11,2024-05-08,13,910.0
5839,1,11,2024-07-05,14,980.0
5840,5,8,2024-05-26,10,400.0
5841,3,12,2024-06-09,11,110.0
5842,5,8,2024-12-06,9,360.0
5843,3,6,2024-06-06,11,1980.0
5844,1,9,2024-10-07,13,1950.0
5845,3,7,2024-08-24,14,1260.0
5846,4,1,2024-06-26,6,4800.0
5847,4,6,2024-07-19,14,2520.0
5848,5,3,2024-11-26,11,3300.0
5849,4,5,2025-01-19,7,140.0
5850,5,3,2024-03-04,15,4500.0
5851,1,6,2024-08-05,8,1440.0
5852,1,7,2025-01-09,15,1350.0
5853,5,7,2024-03-25,12,1080.0
5854,5,1,2024-04-28,14,11200.0
5855,3,2,2024-08-16,13,6500.0
5856,1,7,2025-02-03,11,990.0
5857,4,3,2024-05-11,13,3900.0
5858,2,8,2024-05-28,13,520.0
5859,3,5,2024-09-02,14,280.0
5860,2,10,2025-02-10,8,360.0
5861,3,8,2024-04-13,10,400.0
5862,6,6,2024-05-07,11,1980.0
5863,5,1,2024-06-26,9,7200.0
5864,1,7,2024-03-01,10,900.0
5865,5,5,2024-05-05,11,220.0
5866,1,2,2024-04-19,9,4500.0
5867,6,2,2024-06-20,13,6500.0
5868,6,8,2025-01-26,11,440.0
5869,4,11,2024-07-25,10,700.0
5870,1,4,2024-12-05,6,60.0
5871,1,5,2024-11-08,13,260.0
5872,3,4,2024-10-25,13,130.0
5873,6,12,2024-09-04,15,150.0
5874,1,3,2024-11-17,5,1500.0
5875,3,9,2025-01-11,9,1350.0
5876,4,2,2025-02-07,12,6000.0
5877,1,12,2024-06-29,12,120.0
5878,4,1,2025-01-13,11,8800.0
5879,2,12,2024-10-27,6,60.0
5880,5,5,2024-07-02,9,180.0
5881,3,8,2024-12-22,14,560.0
5882,6,11,2024-10-12,11,770.0
5883,5,10,2025-02-12,10,450.0
5884,1,11,2024-03-19,9,630.0
5885,5,12,2024-07-25,8,80.0
5886,1,3,2024-11-16,6,1800.0
5887,1,9,2024-06-03,14,2100.0
5888,6,8,2024-08-08,10,400.0
5889,4,10,2024-04-08,15,675.0
5890,5,11,2024-03-10,7,490.0
5891,6,2,2024-09-11,6,3000.0
5892,3,1,2024-03-16,9,7200.0
5893,2,11,2025-02-01,15,1050.0
5894,3,4,2025-01-31,11,110.0
5895,1,3,2024-03-31,11,3300.0
5896,1,6,2024-08-29,9,1620.0
5897,3,10,2025-01-05,10,450.0
5898,5,4,2024-04-17,6,60.0
5899,3,5,2024-06-20,10,200.0
5900,4,1,2024-11-18,10,8000.0
5901,5,9,2025-01-03,5,750.0
5902,4,9,2025-02-18,13,1950.0
5903,3,4,2024-12-20,8,80.0
5904,5,3,2024-04-04,15,4500.0
5905,6,11,2024-09-11,10,700.0
5906,2,7,2025-01-30,14,1260.0
5907,5,8,2024-07-08,5,200.0
5908,1,10,2024-07-21,9,405.0
5909,6,5,2024-06-30,14,280.0
5910,3,12,2025-01-21,15,150.0
5911,4,3,2024-12-11,15,4500.0
5912,5,5,2024-12-09,10,200.0
5913,2,6,2024-04-16,8,1440.0
5914,2,1,2025-02-22,13,10400.0
5915,3,2,2025-01-25,13,6500.0
5916,1,2,2024-04-18,14,7000.0
5917,1,8,2025-02-19,14,560.0
5918,5,5,2024-05-07,5,100.0
5919,3,6,2024-11-25,10,1800.0
5920,6,7,2024-09-07,13,1170.0
5921,2,3,2024-07-27,13,3900.0
5922,1,9,2024-10-31,13,1950.0
5923,2,5,2024-08-19,6,120.0
5924,2,6,2024-05-09,5,900.0
5925,3,12,2025-02-23,15,150.0
5926,2,9,2024-03-09,8,1200.0
5927,1,3,2024-08-20,10,3000.0
5928,3,3,2024-04-12,6,1800.0
5929,4,8,2024-07-19,11,440.0
5930,3,3,2024-08-04,11,3300.0
5931,1,5,2024-07-16,12,240.0
5932,5,11,2025-02-03,5,350.0
5933,6,7,2024-08-31,6,540.0
5934,2,1,2024-06-05,11,8800.0
5935,3,7,2024-02-28,10,900.0
5936,4,4,2025-02-14,7,70.0
5937,1,7,2024-06-24,10,900.0
5938,5,5,2025-02-15,15,300.0
5939,3,7,2024-03-10,7,630.0
5940,1,5,2024-10-08,11,220.0
5941,5,8,2024-06-26,6,240.0
5942,2,3,2024-06-14,13,3900.0
5943,4,10,2024-04-04,14,630.0
5944,2,11,2024-12-21,12,840.0
5945,2,5,2024-12-28,15,300.0
5946,6,4,2024-05-13,12,120.0
5947,6,2,2024-12-25,6,3000.0
5948,3,11,2024-10-26,6,420.0
5949,2,3,2024-08-22,13,3900.0
5950,6,5,2024-05-22,11,220.0
5951,2,12,2024-11-04,13,130.0
5952,2,12,2024-07-01,9,90.0
5953,6,11,2024-05-29,14,980.0
5954,3,3,2024-12-25,7,2100.0
5955,1,10,2024-08-25,5,225.0
5956,3,7,2025-01-26,10,900.0
5957,5,3,2024-03-27,7,2100.0
5958,4,9,2024-12-15,14,2100.0
5959,5,11,2024-07-14,10,700.0
5960,1,12,2024-12-15,5,50.0
5961,3,9,2024-09-16,13,1950.0
5962,6,1,2024-08-21,10,8000.0
5963,2,10,2024-03-24,12,540.0
5964,2,4,2024-12-04,14,140.0
5965,4,9,2024-05-18,6,900.0
5966,3,11,2024-04-04,12,840.0
5967,6,4,2025-01-25,10,100.0
5968,2,6,2024-09-19,8,1440.0
5969,3,8,2024-04-12,11,440.0
5970,3,7,2024-07-31,7,630.0
5971,5,5,2024-10-24,8,160.0
5972,3,9,2024-08-14,9,1350.0
5973,2,9,2024-04-19,6,900.0
5974,6,9,2025-02-22,10,1500.0
5975,3,3,2024-06-08,9,2700.0
5976,2,9,2024-09-11,6,900.0
5977,4,9,2024-09-26,11,1650.0
5978,4,4,2024-04-24,7,70.0
5979,1,7,2024-06-26,9,810.0
5980,5,7,2024-11-08,10,900.0
5981,2,3,2024-04-19,7,2100.0
5982,1,2,2024-05-17,6,3000.0
5983,1,11,2024-11-09,8,560.0
5984,4,9,2024-12-26,8,1200.0
5985,4,3,2024-08-30,14,4200.0
5986,2,5,2024-04-11,5,100.0
5987,1,10,2024-10-22,5,225.0
5988,3,8,2024-05-25,8,320.0
5989,4,5,2024-04-29,8,160.0
5990,1,6,2024-12-25,13,2340.0
5991,1,3,2024-09-28,12,3600.0
5992,4,9,2024-08-22,10,1500.0
5993,3,10,2024-06-14,9,405.0
5994,3,6,2024-05-26,5,900.0
5995,3,6,2024-09-02,5,900.0
5996,2,5,2024-06-01,9,180.0
5997,3,12,2024-10-25,14,140.0
5998,3,6,2024-06-10,8,1440.0
5999,2,9,2024-08-18,10,1500.0
6000,5,12,2024-10-04,11,110.0
6001,6,6,2024-05-17,11,1980.0
6002,1,9,2024-06-23,10,1500.0
6003,1,9,2024-05-18,12,1800.0
6004,3,12,2024-08-10,15,150.0
6005,3,4,2025-02-12,9,90.0
6006,5,6,2024-05-13,5,900.0
6007,4,9,2024-04-29,13,1950.0
6008,1,3,2024-07-16,14,4200.0
6009,3,2,2024-06-22,13,6500.0
6010,4,3,2024-08-27,13,3900.0
6011,6,1,2025-01-29,15,12000.0
6012,3,9,2025-02-15,9,1350.0
6013,6,3,2024-12-28,11,3300.0
6014,1,3,2024-05-20,8,2400.0
6015,3,12,2024-12-12,12,120.0
6016,4,11,2024-03-20,10,700.0
6017,2,7,2025-01-05,7,630.0
6018,2,11,2024-07-25,13,910.0
6019,6,3,2024-10-31,8,2400.0
6020,6,12,2024-11-17,5,50.0
6021,5,6,2024-05-30,8,1440.0
6022,3,11,2024-04-01,8,560.0
6023,2,8,2024-11-23,5,200.0
6024,3,8,2025-02-17,12,480.0
6025,4,9,2024-05-06,7,1050.0
6026,6,10,2024-12-28,7,315.0
6027,5,12,2024-06-10,13,130.0
6028,3,8,2024-09-08,13,520.0
6029,1,2,2024-12-11,9,4500.0
6030,3,1,2024-05-20,7,5600.0
6031,1,11,2025-01-02,5,350.0
6032,1,9,2024-12-19,15,2250.0
6033,1,12,2024-05-15,15,150.0
6034,4,7,2024-04-30,12,1080.0
6035,4,2,2024-12-18,5,2500.0
6036,1,6,2024-08-24,11,1980.0
6037,5,8,2024-05-07,14,560.0
6038,2,10,2025-02-02,13,585.0
6039,3,9,2024-04-01,9,1350.0
6040,2,4,2025-02-16,9,90.0
6041,1,2,2024-04-17,8,4000.0
6042,5,2,2025-01-19,12,6000.0
6043,3,5,2024-11-09,15,300.0
6044,6,1,2024-10-26,13,10400.0
6045,5,12,2025-01-22,9,90.0
6046,4,12,2024-04-21,14,140.0
6047,4,5,2025-01-11,8,160.0
6048,5,5,2025-02-21,11,220.0
6049,2,9,2024-04-01,13,1950.0
6050,4,5,2024-09-27,6,120.0
6051,3,5,2024-09-23,8,160.0
6052,6,3,2024-08-01,15,4500.0
6053,5,11,2024-12-11,10,700.0
6054,1,10,2025-01-07,8,360.0
6055,4,9,2024-03-17,9,1350.0
6056,3,2,2024-06-24,15,7500.0
6057,1,7,2025-01-24,6,540.0
6058,3,11,2024-10-23,12,840.0
6059,3,2,2024-05-05,14,7000.0
6060,4,8,2025-01-10,5,200.0
6061,4,2,2024-03-30,12,6000.0
6062,6,3,2024-03-08,12,3600.0
6063,2,9,2024-11-20,13,1950.0
6064,2,3,2024-05-19,12,3600.0
6065,2,5,2024-10-22,12,240.0
6066,2,12,2024-11-09,5,50.0
6067,2,10,2024-02-29,6,270.0
6068,3,8,2024-04-17,14,560.0
6069,2,4,2025-01-30,14,140.0
6070,1,3,2024-06-21,13,3900.0
6071,1,6,2025-02-11,10,1800.0
6072,3,5,2025-02-02,12,240.0
6073,1,11,2024-05-21,5,350.0
6074,1,11,2025-01-05,6,420.0
6075,4,6,2024-10-24,8,1440.0
6076,6,12,2025-01-17,5,50.0
6077,6,11,2024-09-09,6,420.0
6078,3,9,2024-03-22,13,1950.0
6079,2,8,2025-02-15,7,280.0
6080,6,7,2024-10-26,5,450.0
6081,5,4,2024-03-22,12,120.0
6082,1,3,2024-10-10,7,2100.0
6083,6,2,2024-04-16,12,6000.0
6084,3,4,2024-06-17,14,140.0
6085,2,6,2024-05-17,8,1440.0
6086,2,7,2024-09-19,9,810.0
6087,4,4,2024-05-26,14,140.0
6088,5,6,2024-08-18,8,1440.0
6089,1,6,2024-10-23,8,1440.0
6090,3,4,2024-11-28,8,80.0
6091,3,1,2024-08-31,6,4800.0
6092,3,8,2024-03-03,15,600.0
6093,6,4,2024-09-14,5,50.0
6094,6,8,2024-07-25,7,280.0
6095,2,6,2024-12-04,12,2160.0
6096,5,1,2024-08-09,6,4800.0
6097,5,12,2024-03-31,15,150.0
6098,3,2,2024-07-02,15,7500.0
6099,5,5,2024-09-07,14,280.0
6100,4,8,2024-12-28,7,280.0
6101,5,2,2024-07-29,10,5000.0
6102,1,7,2025-02-09,10,900.0
6103,4,12,2024-04-01,11,110.0
6104,6,4,2024-04-30,12,120.0
6105,2,11,2024-11-05,12,840.0
6106,1,1,2024-03-26,11,8800.0
6107,4,4,2024-07-21,10,100.0
6108,5,5,2024-06-30,13,260.0
6109,5,7,2024-12-23,5,450.0
6110,1,12,2024-12-28,6,60.0
6111,3,1,2024-09-17,6,4800.0
6112,3,11,2024-06-29,13,910.0
6113,4,8,2024-11-10,14,560.0
6114,2,1,2024-12-06,12,9600.0
6115,6,6,2024-07-30,15,2700.0
6116,2,9,2024-03-20,10,1500.0
6117,1,11,2024-10-19,5,350.0
6118,3,12,2024-05-18,6,60.0
6119,2,2,2024-04-10,12,6000.0
6120,6,10,2024-06-17,7,315.0
6121,4,10,2024-10-13,13,585.0
6122,3,2,2024-11-15,8,4000.0
6123,3,9,2024-03-13,11,1650.0
6124,1,12,2025-01-15,6,60.0
6125,1,1,2024-11-05,6,4800.0
6126,1,1,2024-08-17,5,4000.0
6127,1,3,2025-02-14,8,2400.0
6128,2,4,2024-05-19,6,60.0
6129,1,1,2024-07-02,12,9600.0
6130,2,5,2024-06-04,7,140.0
6131,1,10,2024-11-04,13,585.0
6132,5,8,2024-06-15,12,480.0
6133,2,10,2024-08-13,6,270.0
6134,3,1,2024-07-07,8,6400.0
6135,6,5,2024-06-17,8,160.0
6136,3,5,2025-02-15,13,260.0
6137,2,5,2025-01-12,9,180.0
6138,6,6,2024-04-01,6,1080.0
6139,3,3,2024-06-15,8,2400.0
6140,5,11,2024-08-25,15,1050.0
6141,6,2,2024-10-28,5,2500.0
6142,2,1,2024-07-31,7,5600.0
6143,1,12,2024-05-17,7,70.0
6144,6,11,2024-05-27,8,560.0
6145,6,9,2024-09-10,10,1500.0
6146,6,12,2025-02-10,15,150.0
6147,3,9,2025-02-01,13,1950.0
6148,6,10,2024-11-21,14,630.0
6149,1,12,2024-10-30,6,60.0
6150,1,7,2024-03-10,6,540.0
6151,1,2,2024-08-03,7,3500.0
6152,5,6,2024-12-05,13,2340.0
6153,3,1,2024-08-20,6,4800.0
6154,2,2,2024-07-03,9,4500.0
6155,5,4,2024-12-05,11,110.0
6156,6,6,2024-09-02,6,1080.0
6157,2,2,2024-08-03,13,6500.0
6158,2,3,2024-06-15,13,3900.0
6159,6,2,2024-03-21,8,4000.0
6160,5,4,2024-09-09,11,110.0
6161,4,1,2025-02-24,8,6400.0
6162,2,12,2024-09-16,11,110.0
6163,4,6,2025-01-22,11,1980.0
6164,5,6,2024-10-06,15,2700.0
6165,3,3,2024-11-06,9,2700.0
6166,5,5,2024-12-02,15,300.0
6167,4,6,2024-06-08,5,900.0
6168,6,3,2024-06-09,12,3600.0
6169,6,12,2024-09-25,9,90.0
6170,4,4,2024-12-31,5,50.0
6171,3,1,2024-07-15,5,4000.0
6172,2,5,2024-03-08,15,300.0
6173,2,10,2024-03-22,9,405.0
6174,3,6,2024-04-25,9,1620.0
6175,5,8,2024-08-22,14,560.0
6176,4,3,2024-07-17,5,1500.0
6177,6,6,2024-06-21,6,1080.0
6178,3,9,2024-11-19,7,1050.0
6179,2,2,2024-03-21,9,4500.0
6180,2,12,2024-03-23,6,60.0
6181,5,5,2025-01-19,9,180.0
6182,6,6,2024-10-17,8,1440.0
6183,1,12,2024-09-07,10,100.0
6184,5,12,2024-08-22,5,50.0
6185,2,11,2024-08-04,14,980.0
6186,1,11,2024-08-06,8,560.0
6187,1,7,2024-12-11,12,1080.0
6188,5,2,2024-12-21,5,2500.0
6189,3,12,2024-05-01,14,140.0
6190,5,9,2024-05-28,13,1950.0
6191,4,4,2024-06-16,11,110.0
6192,6,5,2024-07-07,12,240.0
6193,3,11,2024-06-23,8,560.0
6194,1,11,2025-01-07,15,1050.0
6195,1,9,2025-02-11,14,2100.0
6196,5,10,2024-09-27,10,450.0
6197,2,4,2024-09-29,15,150.0
6198,1,10,2024-04-26,14,630.0
6199,4,10,2025-01-17,10,450.0
6200,5,5,2024-11-20,13,260.0
6201,3,8,2024-07-28,10,400.0
6202,5,9,2025-02-12,14,2100.0
6203,3,8,2024-08-07,14,560.0
6204,1,5,2025-01-10,13,260.0
6205,3,2,2024-07-29,7,3500.0
6206,4,5,2025-01-04,11,220.0
6207,2,6,2024-05-28,11,1980.0
6208,1,1,2024-10-22,12,9600.0
6209,4,8,2024-08-28,15,600.0
6210,1,1,2024-06-28,9,7200.0
6211,1,4,2025-02-06,6,60.0
6212,6,5,2024-07-18,12,240.0
6213,2,2,2024-10-03,12,6000.0
6214,1,8,2025-02-09,14,560.0
6215,4,8,2024-12-02,10,400.0
6216,4,3,2024-09-03,5,1500.0
6217,2,8,2024-10-15,11,440.0
6218,2,10,2024-04-15,7,315.0
6219,2,7,2024-07-18,7,630.0
6220,6,9,2024-07-18,10,1500.0
6221,2,1,2024-08-19,12,9600.0
6222,6,5,2024-08-06,13,260.0
6223,5,2,2024-05-17,11,5500.0
6224,6,7,2024-06-17,14,1260.0
6225,5,8,2024-03-10,7,280.0
6226,5,11,2024-11-13,13,910.0
6227,5,4,2024-09-03,12,120.0
6228,1,7,2024-09-16,15,1350.0
6229,2,10,2024-10-10,9,405.0
6230,6,10,2024-04-05,5,225.0
6231,6,1,2024-05-16,7,5600.0
6232,5,12,2024-12-18,7,70.0
6233,6,7,2024-09-01,11,990.0
6234,4,5,2024-06-08,9,180.0
6235,3,12,2024-05-12,6,60.0
6236,6,3,2024-10-13,7,2100.0
6237,4,9,2024-10-15,11,1650.0
6238,1,6,2024-10-28,11,1980.0
6239,6,8,2024-03-27,15,600.0
6240,2,11,2024-10-04,5,350.0
6241,4,7,2025-01-06,15,1350.0
6242,2,4,2024-10-02,8,80.0
6243,1,1,2024-04-02,12,9600.0
6244,5,6,2024-07-13,8,1440.0
6245,3,5,2024-07-30,12,240.0
6246,4,3,2024-07-31,15,4500.0
6247,4,6,2024-03-02,15,2700.0
6248,2,12,2024-05-11,8,80.0
6249,2,7,2024-08-14,13,1170.0
6250,3,10,2024-05-23,8,360.0
6251,4,3,2024-07-28,14,4200.0
6252,3,3,2024-10-22,8,2400.0
6253,4,9,2024-03-02,9,1350.0
6254,2,4,2025-02-23,14,140.0
6255,6,3,2024-08-24,8,2400.0
6256,4,8,2024-04-19,13,520.0
6257,1,3,2024-07-24,6,1800.0
6258,1,7,2024-06-07,15,1350.0
6259,1,3,2025-02-05,11,3300.0
6260,1,5,2025-02-01,13,260.0
6261,2,9,2024-07-10,7,1050.0
6262,2,10,2024-08-06,11,495.0
6263,2,9,2024-05-05,8,1200.0
6264,3,7,2024-09-29,6,540.0
6265,2,12,2024-06-23,7,70.0
6266,3,2,2024-11-17,6,3000.0
6267,5,2,2025-02-04,7,3500.0
6268,2,9,2024-12-09,7,1050.0
6269,5,8,2024-08-27,12,480.0
6270,1,12,2024-12-16,5,50.0
6271,2,1,2024-09-08,10,8000.0
6272,6,5,2024-06-05,13,260.0
6273,1,5,2025-01-18,10,200.0
6274,2,8,2024-03-02,5,200.0
6275,1,12,2024-09-20,12,120.0
6276,6,5,2024-03-04,9,180.0
6277,5,7,2025-01-10,7,630.0
6278,1,9,2024-06-10,9,1350.0
6279,6,2,2024-09-15,11,5500.0
6280,3,3,2024-05-25,5,1500.0
6281,3,12,2024-11-07,12,120.0
6282,5,2,2024-08-15,13,6500.0
6283,3,7,2024-05-01,5,450.0
6284,5,1,2024-12-06,7,5600.0
6285,2,8,2024-04-20,6,240.0
6286,4,6,2024-04-04,9,1620.0
6287,6,5,2024-05-27,11,220.0
6288,6,2,2024-03-03,14,7000.0
6289,1,4,2024-12-11,10,100.0
6290,5,8,2025-02-03,9,360.0
6291,4,5,2024-05-11,13,260.0
6292,1,2,2024-07-08,15,7500.0
6293,4,5,2024-11-22,6,120.0
6294,2,4,2024-07-25,10,100.0
6295,3,9,2024-07-27,6,900.0
6296,5,9,2024-04-27,14,2100.0
6297,2,12,2024-11-20,15,150.0
6298,6,4,2025-01-17,13,130.0
6299,4,1,2024-04-27,11,8800.0
6300,3,2,2024-07-05,7,3500.0
6301,4,4,2024-11-18,13,130.0
6302,6,8,2024-08-23,7,280.0
6303,5,10,2024-12-08,12,540.0
6304,1,4,2024-03-26,12,120.0
6305,5,4,2025-01-23,7,70.0
6306,1,1,2025-01-18,8,6400.0
6307,6,4,2024-06-26,5,50.0
6308,1,11,2025-02-11,15,1050.0
6309,5,3,2024-04-09,7,2100.0
6310,3,4,2024-03-28,7,70.0
6311,3,7,2024-08-03,10,900.0
6312,5,11,2024-09-09,9,630.0
6313,5,7,2024-12-20,14,1260.0
6314,2,2,2024-09-25,14,7000.0
6315,6,9,2024-05-17,14,2100.0
6316,1,10,2024-12-03,12,540.0
6317,1,11,2024-08-13,6,420.0
6318,1,6,2024-05-01,11,1980.0
6319,6,7,2025-01-08,12,1080.0
6320,6,6,2024-08-30,7,1260.0
6321,4,3,2024-03-09,15,4500.0
6322,6,1,2024-06-13,5,4000.0
6323,1,10,2025-02-24,9,405.0
6324,6,7,2024-03-19,11,990.0
6325,5,4,2024-10-13,6,60.0
6326,3,5,2024-05-16,11,220.0
6327,5,4,2024-03-13,9,90.0
6328,5,1,2024-12-22,11,8800.0
6329,2,11,2024-11-25,8,560.0
6330,2,7,2025-01-13,9,810.0
6331,3,10,2024-06-28,12,540.0
6332,2,2,2024-08-05,15,7500.0
6333,3,4,2024-05-01,13,130.0
6334,1,2,2024-07-30,9,4500.0
6335,3,11,2025-01-07,6,420.0
6336,5,11,2024-12-14,13,910.0
6337,6,10,2025-01-13,12,540.0
6338,2,2,2024-03-01,5,2500.0
6339,1,12,2024-12-22,11,110.0
6340,4,12,2024-06-14,10,100.0
6341,5,1,2024-11-25,14,11200.0
6342,1,10,2024-05-18,9,405.0
6343,1,8,2024-07-19,9,360.0
6344,6,12,2024-09-20,7,70.0
6345,5,2,2024-06-01,14,7000.0
6346,1,4,2024-12-18,7,70.0
6347,1,4,2024-12-20,6,60.0
6348,2,3,2024-12-22,5,1500.0
6349,6,11,2024-07-12,7,490.0
6350,3,1,2024-10-30,13,10400.0
6351,2,1,2025-02-08,7,5600.0
6352,2,11,2025-02-09,13,910.0
6353,2,8,2024-07-23,9,360.0
6354,5,2,2024-03-29,13,6500.0
6355,2,8,2024-08-17,6,240.0
6356,4,1,2024-12-05,8,6400.0
6357,3,10,2024-05-10,7,315.0
6358,5,1,2024-12-12,15,12000.0
6359,5,7,2024-07-27,13,1170.0
6360,3,1,2024-12-04,7,5600.0
6361,1,11,2024-11-16,8,560.0
6362,6,10,2024-11-14,12,540.0
6363,2,12,2024-05-15,15,150.0
6364,6,12,2024-08-25,9,90.0
6365,1,11,2024-09-13,6,420.0
6366,5,5,2024-10-02,7,140.0
6367,5,11,2024-04-05,13,910.0
6368,1,11,2024-03-07,7,490.0
6369,4,6,2024-03-27,9,1620.0
6370,3,3,2024-11-07,5,1500.0
6371,6,7,2024-07-19,5,450.0
6372,5,7,2024-03-28,12,1080.0
6373,2,2,2024-09-14,5,2500.0
6374,1,6,2024-10-10,11,1980.0
6375,5,2,2024-08-29,9,4500.0
6376,2,12,2025-02-22,8,80.0
6377,6,9,2025-02-15,9,1350.0
6378,2,1,2024-10-30,7,5600.0
6379,3,10,2024-03-25,5,225.0
6380,2,3,2024-12-13,14,4200.0
6381,3,11,2024-12-04,7,490.0
6382,1,3,2024-03-16,10,3000.0
6383,2,7,2025-02-12,6,540.0
6384,3,5,2025-02-03,5,100.0
6385,2,1,2024-08-09,13,10400.0
6386,3,1,2024-07-12,11,8800.0
6387,5,5,2024-02-29,10,200.0
6388,4,11,2024-06-01,10,700.0
6389,2,9,2024-06-21,8,1200.0
6390,6,9,2024-04-09,13,1950.0
6391,6,9,2024-03-30,12,1800.0
6392,5,5,2024-10-01,11,220.0
6393,2,5,2024-11-05,12,240.0
6394,1,10,2024-11-29,12,540.0
6395,3,12,2024-03-04,6,60.0
6396,6,10,2024-12-08,6,270.0
6397,5,7,2024-03-09,10,900.0
6398,3,8,2024-09-18,9,360.0
6399,6,6,2024-09-26,7,1260.0
6400,4,1,2024-07-03,13,10400.0
6401,4,6,2024-05-03,7,1260.0
6402,2,11,2024-09-08,10,700.0
6403,6,8,2024-09-08,9,360.0
6404,1,2,2025-01-18,14,7000.0
6405,6,3,2024-05-05,11,3300.0
6406,5,4,2024-08-12,10,100.0
6407,1,4,2024-11-08,5,50.0
6408,4,5,2024-11-21,6,120.0
6409,1,4,2024-07-05,15,150.0
6410,4,4,2024-10-09,6,60.0
6411,3,5,2024-07-26,6,120.0
6412,6,11,2024-11-09,9,630.0
6413,3,1,2024-12-27,10,8000.0
6414,2,6,2024-09-06,9,1620.0
6415,4,8,2025-02-10,11,440.0
6416,3,10,2025-01-28,12,540.0
6417,3,6,2024-03-06,15,2700.0
6418,5,5,2025-02-24,5,100.0
6419,5,2,2024-12-23,13,6500.0
6420,4,6,2024-05-05,12,2160.0
6421,1,3,2025-01-02,15,4500.0
6422,1,2,2024-08-07,10,5000.0
6423,6,9,2024-12-08,8,1200.0
6424,4,1,2024-07-29,10,8000.0
6425,5,9,2025-02-07,9,1350.0
6426,6,1,2025-01-10,9,7200.0
6427,4,11,2024-11-04,10,700.0
6428,6,6,2025-01-06,14,2520.0
6429,5,8,2025-02-12,7,280.0
6430,6,2,2024-05-30,8,4000.0
6431,3,11,2024-05-06,9,630.0
6432,5,12,2024-12-02,13,130.0
6433,3,9,2024-08-26,10,1500.0
6434,4,4,2024-05-28,11,110.0
6435,3,11,2024-04-24,13,910.0
6436,1,9,2024-09-07,5,750.0
6437,1,10,2024-03-19,7,315.0
6438,5,10,2024-05-21,5,225.0
6439,4,7,2024-10-02,9,810.0
6440,2,7,2024-07-31,7,630.0
6441,5,2,2024-07-05,8,4000.0
6442,4,8,2025-02-25,5,200.0
6443,2,12,2025-02-21,9,90.0
6444,2,11,2024-05-28,9,630.0
6445,5,7,2024-12-01,7,630.0
6446,2,11,2024-03-15,10,700.0
6447,6,5,2024-09-20,13,260.0
6448,6,7,2024-09-02,15,1350.0
6449,5,12,2025-02-19,7,70.0
6450,3,2,2024-03-29,5,2500.0
6451,1,8,2024-06-10,7,280.0
6452,3,8,2024-08-12,10,400.0
6453,3,8,2024-10-26,7,280.0
6454,5,9,2024-07-14,14,2100.0
6455,2,6,2024-10-17,15,2700.0
6456,4,9,2024-10-19,15,2250.0
6457,3,11,2024-03-09,7,490.0
6458,5,11,2025-02-02,7,490.0
6459,3,1,2024-03-18,13,10400.0
6460,1,3,2024-03-25,15,4500.0
6461,4,8,2025-01-14,6,240.0
6462,1,1,2024-10-09,9,7200.0
6463,2,6,2024-11-14,13,2340.0
6464,1,4,2024-08-08,10,100.0
6465,3,4,2024-07-07,5,50.0
6466,6,8,2024-10-04,7,280.0
6467,3,3,2024-09-08,8,2400.0
6468,6,11,2025-02-02,9,630.0
6469,6,10,2024-12-06,11,495.0
6470,6,12,2024-11-21,7,70.0
6471,6,11,2024-06-17,13,910.0
6472,6,10,2024-08-07,5,225.0
6473,5,12,2024-09-12,7,70.0
6474,5,3,2024-10-18,6,1800.0
6475,5,1,2024-09-24,5,4000.0
6476,4,7,2025-02-06,6,540.0
6477,1,7,2024-05-08,8,720.0
6478,6,4,2024-10-28,7,70.0
6479,5,12,2024-07-03,15,150.0
6480,1,7,2024-11-21,5,450.0
6481,6,9,2024-12-06,10,1500.0
6482,5,8,2024-03-18,13,520.0
6483,5,8,2024-03-28,10,400.0
6484,4,10,2024-12-01,6,270.0
6485,1,4,2024-11-01,6,60.0
6486,1,7,2024-09-20,10,900.0
6487,5,1,2025-02-01,11,8800.0
6488,2,9,2024-10-09,6,900.0
6489,6,2,2024-11-29,9,4500.0
6490,3,5,2024-12-21,14,280.0
6491,5,10,2024-12-27,6,270.0
6492,4,5,2025-01-29,15,300.0
6493,4,1,2025-02-18,7,5600.0
6494,4,6,2025-01-09,8,1440.0
6495,6,3,2025-01-25,8,2400.0
6496,2,6,2024-11-02,12,2160.0
6497,5,2,2025-02-04,5,2500.0
6498,4,2,2024-04-19,15,7500.0
6499,3,2,2025-01-08,7,3500.0
6500,3,7,2024-03-22,11,990.0
