id_venta,id_sucursal,id_producto,fecha_venta,cantidad_vendida,total_venta
10001,3,2,2024-12-31,1,800.0
10002,2,4,2024-06-27,10,250.0
10003,5,11,2024-07-02,2,240.0
10004,5,12,2024-05-21,6,180.0
10005,1,8,2024-10-14,3,210.0
10006,6,6,2024-07-04,3,900.0
10007,2,9,2024-10-04,5,1250.0
10008,1,11,2025-02-22,3,360.0
10009,1,4,2025-01-09,1,25.0
10010,4,12,2025-02-17,7,210.0
10011,2,8,2024-12-04,4,280.0
10012,3,3,2024-09-29,8,4000.0
10013,3,11,2025-01-28,3,360.0
10014,2,9,2024-11-15,9,2250.0
10015,5,10,2024-10-09,2,160.0
10016,4,5,2024-11-10,1,50.0
10017,3,11,2024-09-17,5,600.0
10018,2,11,2024-11-16,6,720.0
10019,6,11,2024-11-02,8,960.0
10020,4,4,2024-04-02,9,225.0
10021,5,11,2025-01-22,7,840.0
10022,6,9,2025-01-08,2,500.0
10023,2,6,2024-03-16,1,300.0
10024,4,7,2024-11-22,3,450.0
10025,2,6,2024-06-16,10,3000.0
10026,2,12,2025-01-25,4,120.0
10027,4,10,2025-02-11,7,560.0
10028,1,7,2024-09-06,4,600.0
10029,5,2,2024-11-14,7,5600.0
10030,2,6,2024-10-12,6,1800.0
10031,3,9,2024-08-09,2,500.0
10032,3,7,2024-05-15,1,150.0
10033,3,8,2025-01-12,10,700.0
10034,2,10,2024-11-20,8,640.0
10035,6,4,2025-02-10,9,225.0
10036,3,12,2024-12-25,5,150.0
10037,5,10,2024-11-18,1,80.0
10038,2,5,2024-07-22,5,250.0
10039,6,11,2024-06-20,7,840.0
10040,3,7,2024-05-31,5,750.0
10041,6,12,2024-10-18,10,300.0
10042,1,5,2024-05-05,6,300.0
10043,1,12,2024-12-26,10,300.0
10044,5,4,2024-05-12,10,250.0
10045,3,6,2024-05-31,2,600.0
10046,3,11,2024-07-20,2,240.0
10047,3,8,2024-04-02,8,560.0
10048,1,8,2024-12-29,8,560.0
10049,3,8,2024-12-24,9,630.0
10050,3,3,2024-05-09,7,3500.0
10051,1,9,2024-10-16,7,1750.0
10052,2,12,2024-03-17,8,240.0
10053,2,1,2024-09-12,7,8400.0
10054,5,10,2024-11-02,8,640.0
10055,2,5,2024-11-25,9,450.0
10056,4,4,2024-07-25,4,100.0
10057,5,5,2024-10-09,10,500.0
10058,6,1,2025-01-20,4,4800.0
10059,1,11,2024-12-17,1,120.0
10060,2,5,2024-05-30,2,100.0
10061,3,5,2024-09-04,6,300.0
10062,1,10,2025-01-05,4,320.0
10063,4,11,2025-01-05,9,1080.0
10064,1,9,2024-06-14,8,2000.0
10065,3,7,2025-01-06,5,750.0
10066,5,2,2024-03-21,10,8000.0
10067,4,2,2024-09-08,5,4000.0
10068,4,7,2024-06-10,4,600.0
10069,4,11,2025-02-11,5,600.0
10070,4,6,2024-04-04,10,3000.0
10071,4,4,2024-07-08,6,150.0
10072,5,2,2024-05-03,5,4000.0
10073,2,7,2024-07-25,9,1350.0
10074,1,10,2024-06-08,1,80.0
10075,1,11,2024-08-04,3,360.0
10076,3,7,2024-10-27,5,750.0
10077,4,9,2024-05-05,7,1750.0
10078,6,4,2024-12-16,5,125.0
10079,1,12,2024-12-20,9,270.0
10080,1,4,2024-03-14,1,25.0
10081,5,6,2024-10-27,3,900.0
10082,2,12,2024-12-26,3,90.0
10083,3,2,2024-09-04,2,1600.0
10084,2,9,2025-01-12,1,250.0
10085,1,12,2025-01-15,10,300.0
10086,2,5,2024-08-29,2,100.0
10087,1,11,2024-05-06,1,120.0
10088,6,2,2024-05-26,3,2400.0
10089,6,6,2025-01-28,2,600.0
10090,1,4,2024-12-04,2,50.0
10091,4,8,2024-07-15,5,350.0
10092,3,3,2024-07-17,8,4000.0
10093,3,11,2024-04-11,4,480.0
10094,4,11,2024-03-22,4,480.0
10095,5,3,2024-04-17,6,3000.0
10096,4,7,2024-06-27,3,450.0
10097,4,7,2024-08-21,5,750.0
10098,5,9,2024-03-16,1,250.0
10099,5,7,2024-07-25,6,900.0
10100,2,9,2024-10-14,1,250.0
10101,1,10,2024-03-12,1,80.0
10102,3,6,2024-05-08,2,600.0
10103,4,2,2024-12-04,9,7200.0
10104,4,2,2024-08-14,7,5600.0
10105,1,10,2024-10-01,7,560.0
10106,1,9,2024-11-21,10,2500.0
10107,3,9,2024-06-18,5,1250.0
10108,3,2,2025-01-19,8,6400.0
10109,5,12,2024-04-07,5,150.0
10110,6,6,2024-11-20,9,2700.0
10111,3,11,2025-02-03,1,120.0
10112,1,10,2025-01-12,8,640.0
10113,1,9,2024-10-10,10,2500.0
10114,3,5,2025-01-17,10,500.0
10115,6,4,2024-12-03,4,100.0
10116,1,10,2024-07-17,4,320.0
10117,5,8,2024-03-31,2,140.0
10118,4,6,2024-12-18,1,300.0
10119,3,8,2024-09-26,2,140.0
10120,4,8,2024-03-27,4,280.0
10121,3,4,2025-02-08,9,225.0
10122,6,2,2024-06-09,9,7200.0
10123,2,3,2024-07-09,4,2000.0
10124,4,11,2025-01-10,1,120.0
10125,2,4,2024-02-27,3,75.0
10126,2,8,2025-01-04,2,140.0
10127,6,12,2024-07-13,4,120.0
10128,4,3,2025-01-30,6,3000.0
10129,5,5,2024-03-13,2,100.0
10130,4,8,2024-11-14,2,140.0
10131,2,4,2024-07-30,8,200.0
10132,1,1,2024-04-29,2,2400.0
10133,2,6,2024-04-11,7,2100.0
10134,3,8,2024-11-27,4,280.0
10135,4,2,2024-09-01,1,800.0
10136,6,5,2025-01-27,9,450.0
10137,5,9,2024-11-21,2,500.0
10138,4,8,2024-06-09,3,210.0
10139,1,10,2024-03-20,7,560.0
10140,2,2,2024-07-09,6,4800.0
10141,3,4,2024-08-04,9,225.0
10142,1,8,2024-03-20,2,140.0
10143,1,10,2024-04-08,2,160.0
10144,1,8,2024-04-28,1,70.0
10145,3,8,2024-08-08,3,210.0
10146,4,3,2024-06-11,8,4000.0
10147,3,3,2024-06-28,7,3500.0
10148,5,5,2024-03-20,3,150.0
10149,4,11,2025-01-04,7,840.0
10150,2,10,2024-10-21,2,160.0
10151,1,8,2024-07-25,1,70.0
10152,1,9,2024-02-29,6,1500.0
10153,5,1,2024-03-09,1,1200.0
10154,1,5,2024-04-02,8,400.0
10155,6,2,2024-06-24,5,4000.0
10156,3,1,2024-12-09,3,3600.0
10157,3,4,2024-10-08,6,150.0
10158,6,4,2024-11-02,5,125.0
10159,5,12,2024-03-22,9,270.0
10160,5,10,2024-12-02,1,80.0
10161,3,3,2024-09-20,1,500.0
10162,4,11,2024-11-03,4,480.0
10163,4,4,2024-08-14,5,125.0
10164,1,3,2024-06-11,2,1000.0
10165,2,5,2024-07-16,8,400.0
10166,3,11,2024-07-01,1,120.0
10167,5,12,2024-08-27,4,120.0
10168,1,1,2024-12-05,8,9600.0
10169,2,3,2025-02-22,3,1500.0
10170,1,11,2025-01-23,1,120.0
10171,2,11,2025-02-05,9,1080.0
10172,2,4,2024-11-04,10,250.0
10173,1,9,2024-08-05,2,500.0
10174,1,10,2024-07-26,6,480.0
10175,3,8,2024-08-07,10,700.0
10176,4,4,2024-12-10,4,100.0
10177,2,1,2024-09-19,10,12000.0
10178,3,12,2024-03-23,3,90.0
10179,4,11,2024-03-13,8,960.0
10180,5,4,2024-10-16,1,25.0
10181,1,6,2024-03-21,9,2700.0
10182,2,4,2024-09-10,8,200.0
10183,5,6,2024-10-10,6,1800.0
10184,3,12,2024-06-18,3,90.0
10185,2,8,2025-01-01,9,630.0
10186,3,2,2024-08-10,5,4000.0
10187,6,9,2024-03-18,1,250.0
10188,3,11,2024-11-14,5,600.0
10189,5,8,2024-08-07,9,630.0
10190,3,7,2024-06-11,10,1500.0
10191,4,3,2024-08-28,3,1500.0
10192,4,8,2025-01-29,3,210.0
10193,2,11,2024-06-13,9,1080.0
10194,1,9,2024-05-21,5,1250.0
10195,3,7,2024-12-12,3,450.0
10196,3,1,2024-04-19,6,7200.0
10197,5,10,2024-08-27,6,480.0
10198,2,10,2024-08-29,7,560.0
10199,3,11,2024-11-02,6,720.0
10200,6,9,2024-03-21,4,1000.0
10201,4,10,2024-12-09,3,240.0
10202,1,2,2024-10-31,7,5600.0
10203,4,3,2025-02-10,4,2000.0
10204,5,5,2024-04-23,1,50.0
10205,4,11,2024-10-20,2,240.0
10206,4,4,2024-06-10,10,250.0
10207,2,12,2024-09-02,2,60.0
10208,6,3,2024-11-04,3,1500.0
10209,4,10,2025-01-22,5,400.0
10210,2,9,2024-09-23,9,2250.0
10211,3,1,2024-07-01,5,6000.0
10212,4,2,2024-08-14,5,4000.0
10213,3,9,2024-10-28,10,2500.0
10214,6,5,2025-02-21,5,250.0
10215,4,3,2024-10-08,4,2000.0
10216,2,5,2024-05-30,6,300.0
10217,6,12,2024-03-22,1,30.0
10218,4,11,2024-10-15,10,1200.0
10219,1,2,2024-04-20,9,7200.0
10220,3,6,2024-06-14,7,2100.0
10221,2,8,2025-01-04,4,280.0
10222,4,3,2024-04-28,10,5000.0
10223,4,2,2024-10-01,3,2400.0
10224,5,1,2025-02-16,1,1200.0
10225,6,2,2025-01-08,6,4800.0
10226,6,1,2025-01-05,5,6000.0
10227,2,5,2024-04-01,5,250.0
10228,4,1,2024-08-29,4,4800.0
10229,5,7,2025-01-13,5,750.0
10230,6,8,2024-11-07,3,210.0
10231,6,2,2024-06-28,7,5600.0
10232,1,12,2024-12-01,5,150.0
10233,1,3,2024-11-20,10,5000.0
10234,2,1,2024-05-05,9,10800.0
10235,5,1,2024-08-10,6,7200.0
10236,3,5,2024-11-22,10,500.0
10237,6,1,2024-05-23,6,7200.0
10238,1,5,2024-09-24,7,350.0
10239,6,10,2024-06-21,2,160.0
10240,5,3,2025-02-19,2,1000.0
10241,4,6,2024-07-10,3,900.0
10242,2,8,2024-07-03,10,700.0
10243,2,4,2024-08-15,9,225.0
10244,6,2,2024-11-11,2,1600.0
10245,3,3,2024-06-15,8,4000.0
10246,2,1,2024-06-11,8,9600.0
10247,2,11,2024-10-04,3,360.0
10248,1,12,2025-01-20,4,120.0
10249,4,11,2024-09-08,8,960.0
10250,4,11,2024-08-21,6,720.0
10251,3,10,2024-03-22,8,640.0
10252,4,6,2024-03-23,5,1500.0
10253,6,8,2024-12-27,1,70.0
10254,2,3,2024-09-23,7,3500.0
10255,3,5,2024-12-12,5,250.0
10256,6,11,2025-02-14,7,840.0
10257,5,10,2024-12-10,6,480.0
10258,2,8,2024-06-06,1,70.0
10259,5,5,2025-02-13,8,400.0
10260,4,4,2024-12-01,3,75.0
10261,4,5,2024-10-23,5,250.0
10262,6,5,2024-09-30,10,500.0
10263,5,7,2024-11-19,9,1350.0
10264,4,12,2024-07-29,10,300.0
10265,4,12,2024-10-14,1,30.0
10266,3,6,2024-05-12,1,300.0
10267,6,10,2024-09-18,5,400.0
10268,2,10,2024-10-11,10,800.0
10269,3,1,2024-04-15,6,7200.0
10270,4,1,2024-07-29,9,10800.0
10271,4,7,2024-03-25,4,600.0
10272,5,9,2024-08-12,4,1000.0
10273,5,6,2024-11-21,9,2700.0
10274,2,4,2024-04-03,2,50.0
10275,3,7,2025-01-26,1,150.0
10276,1,3,2025-02-06,8,4000.0
10277,3,11,2024-05-10,4,480.0
10278,4,3,2024-05-13,7,3500.0
10279,4,3,2024-03-07,8,4000.0
10280,1,4,2024-08-08,2,50.0
10281,1,1,2024-04-17,3,3600.0
10282,2,3,2025-01-08,6,3000.0
10283,3,11,2025-02-21,6,720.0
10284,4,10,2024-04-07,1,80.0
10285,3,9,2024-10-25,1,250.0
10286,3,9,2024-08-27,3,750.0
10287,5,2,2024-04-13,1,800.0
10288,3,5,2024-03-25,6,300.0
10289,3,5,2024-04-06,10,500.0
10290,5,2,2024-11-01,10,8000.0
10291,6,3,2024-04-09,4,2000.0
10292,3,11,2024-07-12,7,840.0
10293,2,4,2024-04-24,5,125.0
10294,1,3,2024-10-23,9,4500.0
10295,4,8,2024-11-04,10,700.0
10296,3,8,2024-10-22,10,700.0
10297,5,6,2024-06-04,7,2100.0
10298,1,8,2025-02-05,7,490.0
10299,3,2,2024-03-26,10,8000.0
10300,1,5,2024-08-20,3,150.0
10301,5,3,2024-04-17,3,1500.0
10302,5,7,2024-12-23,1,150.0
10303,6,1,2024-07-04,10,12000.0
10304,6,9,2024-10-18,5,1250.0
10305,6,9,2024-08-27,8,2000.0
10306,6,11,2024-11-19,8,960.0
10307,6,7,2024-03-20,1,150.0
10308,3,11,2024-08-17,5,600.0
10309,5,8,2024-09-11,8,560.0
10310,4,2,2024-12-12,1,800.0
10311,1,11,2024-04-23,4,480.0
10312,6,11,2024-09-15,2,240.0
10313,6,3,2024-08-27,10,5000.0
10314,2,2,2024-08-10,1,800.0
10315,3,1,2024-08-21,6,7200.0
10316,2,9,2024-11-09,7,1750.0
10317,2,4,2024-12-02,7,175.0
10318,5,9,2024-06-28,9,2250.0
10319,1,11,2024-05-06,6,720.0
10320,6,9,2024-08-29,5,1250.0
10321,2,10,2024-04-25,6,480.0
10322,3,11,2024-07-26,10,1200.0
10323,2,10,2024-08-22,7,560.0
10324,4,12,2024-12-11,2,60.0
10325,2,5,2024-10-19,9,450.0
10326,6,12,2024-06-17,8,240.0
10327,6,4,2024-08-01,9,225.0
10328,3,6,2024-06-13,9,2700.0
10329,6,5,2025-01-03,7,350.0
10330,4,2,2024-07-08,4,3200.0
10331,2,2,2025-01-08,6,4800.0
10332,1,1,2024-03-31,9,10800.0
10333,6,9,2024-10-18,6,1500.0
10334,5,10,2024-05-16,8,640.0
10335,1,2,2024-09-25,1,800.0
10336,6,3,2025-02-10,5,2500.0
10337,6,2,2024-10-22,8,6400.0
10338,5,8,2025-02-10,2,140.0
10339,2,11,2024-12-11,9,1080.0
10340,2,12,2024-12-21,8,240.0
10341,3,7,2024-07-21,9,1350.0
10342,3,5,2025-01-23,1,50.0
10343,2,11,2024-12-25,9,1080.0
10344,3,7,2024-03-22,5,750.0
10345,6,10,2024-05-24,6,480.0
10346,6,2,2025-01-02,1,800.0
10347,6,8,2024-05-09,7,490.0
10348,3,7,2024-07-21,4,600.0
10349,1,6,2024-12-19,9,2700.0
10350,2,3,2024-04-15,4,2000.0
10351,6,9,2024-11-14,7,1750.0
10352,3,12,2024-08-29,9,270.0
10353,3,1,2025-01-18,5,6000.0
10354,4,5,2024-03-27,3,150.0
10355,3,9,2025-01-13,1,250.0
10356,5,7,2024-04-14,7,1050.0
10357,5,8,2024-06-13,6,420.0
10358,6,7,2025-01-05,1,150.0
10359,6,9,2024-10-20,2,500.0
10360,6,7,2025-02-11,4,600.0
10361,3,9,2024-11-16,10,2500.0
10362,5,5,2024-04-24,3,150.0
10363,6,10,2024-04-04,7,560.0
10364,3,2,2024-05-18,1,800.0
10365,3,12,2025-02-21,2,60.0
10366,4,4,2024-11-07,3,75.0
10367,4,11,2024-11-30,2,240.0
10368,4,11,2024-12-13,10,1200.0
10369,2,1,2024-07-21,1,1200.0
10370,6,4,2024-05-11,6,150.0
10371,3,2,2024-12-12,4,3200.0
10372,3,4,2024-12-16,8,200.0
10373,1,10,2025-01-07,8,640.0
10374,2,4,2024-04-13,10,250.0
10375,4,11,2025-02-13,10,1200.0
10376,5,3,2025-01-22,3,1500.0
10377,6,5,2024-11-06,3,150.0
10378,3,12,2024-08-06,2,60.0
10379,3,2,2024-09-10,5,4000.0
10380,2,12,2024-03-08,5,150.0
10381,5,9,2024-09-13,4,1000.0
10382,5,9,2024-08-19,10,2500.0
10383,6,2,2024-04-26,7,5600.0
10384,4,4,2024-06-12,1,25.0
10385,5,1,2024-12-17,5,6000.0
10386,1,1,2024-02-27,9,10800.0
10387,6,8,2024-07-04,3,210.0
10388,6,4,2024-05-14,3,75.0
10389,5,5,2024-07-31,5,250.0
10390,1,7,2024-04-06,8,1200.0
10391,2,7,2024-10-29,6,900.0
10392,6,7,2024-11-17,4,600.0
10393,4,7,2024-03-11,2,300.0
10394,3,5,2024-04-02,8,400.0
10395,5,1,2024-10-30,5,6000.0
10396,2,10,2024-07-23,6,480.0
10397,5,10,2025-01-23,7,560.0
10398,4,3,2025-02-13,6,3000.0
10399,4,6,2024-04-21,10,3000.0
10400,2,2,2024-07-12,8,6400.0
10401,3,2,2024-04-30,6,4800.0
10402,6,5,2024-04-09,5,250.0
10403,2,6,2025-01-07,2,600.0
10404,5,2,2024-12-10,3,2400.0
10405,2,11,2024-12-31,2,240.0
10406,5,6,2024-03-21,7,2100.0
10407,3,2,2024-05-02,2,1600.0
10408,5,6,2024-03-24,1,300.0
10409,5,3,2024-12-22,6,3000.0
10410,4,11,2025-02-10,10,1200.0
10411,6,1,2024-03-21,7,8400.0
10412,2,4,2024-08-04,8,200.0
10413,3,11,2025-02-16,10,1200.0
10414,4,10,2024-09-17,2,160.0
10415,1,5,2024-10-01,10,500.0
10416,6,3,2024-12-29,4,2000.0
10417,5,9,2024-11-13,4,1000.0
10418,1,12,2024-03-23,8,240.0
10419,5,1,2024-07-07,10,12000.0
10420,6,12,2024-08-02,10,300.0
10421,2,3,2024-05-11,3,1500.0
10422,3,8,2024-08-01,7,490.0
10423,6,5,2024-05-08,3,150.0
10424,2,12,2024-11-25,9,270.0
10425,1,5,2024-06-14,6,300.0
10426,3,8,2024-07-21,1,70.0
10427,4,9,2024-03-16,6,1500.0
10428,4,6,2024-06-25,8,2400.0
10429,6,10,2024-09-03,10,800.0
10430,4,12,2024-03-10,7,210.0
10431,2,1,2024-03-29,9,10800.0
10432,3,5,2025-02-03,7,350.0
10433,5,4,2024-03-06,7,175.0
10434,6,8,2024-07-02,4,280.0
10435,4,6,2024-08-31,7,2100.0
10436,3,2,2024-04-11,5,4000.0
10437,6,10,2024-09-22,4,320.0
10438,2,12,2024-07-16,9,270.0
10439,5,4,2024-09-12,7,175.0
10440,3,10,2024-06-22,10,800.0
10441,1,11,2024-09-09,3,360.0
10442,5,10,2024-04-18,7,560.0
10443,4,10,2024-07-30,6,480.0
10444,1,8,2025-01-03,5,350.0
10445,2,3,2024-10-28,5,2500.0
10446,3,12,2024-09-26,8,240.0
10447,5,7,2024-11-05,1,150.0
10448,1,11,2024-07-09,2,240.0
10449,3,3,2024-07-09,5,2500.0
10450,4,12,2024-12-22,1,30.0
10451,4,6,2024-10-16,1,300.0
10452,5,3,2024-03-13,4,2000.0
10453,1,3,2024-05-08,9,4500.0
10454,3,1,2025-01-31,6,7200.0
10455,4,6,2024-04-22,1,300.0
10456,4,10,2024-03-15,4,320.0
10457,6,2,2024-05-13,1,800.0
10458,2,2,2024-03-01,10,8000.0
10459,5,9,2024-12-28,7,1750.0
10460,1,10,2024-04-19,5,400.0
10461,3,12,2024-03-09,4,120.0
10462,6,4,2024-03-24,1,25.0
10463,5,3,2024-11-15,9,4500.0
10464,6,8,2024-03-23,4,280.0
10465,3,12,2024-10-06,6,180.0
10466,4,11,2024-09-12,9,1080.0
10467,1,2,2024-07-24,5,4000.0
10468,1,7,2024-05-31,3,450.0
10469,1,2,2024-11-25,4,3200.0
10470,4,12,2024-09-17,3,90.0
10471,6,1,2024-12-21,6,7200.0
10472,4,4,2024-07-24,5,125.0
10473,4,9,2024-10-30,10,2500.0
10474,6,7,2024-03-20,1,150.0
10475,1,10,2024-07-08,6,480.0
10476,4,3,2024-04-22,1,500.0
10477,6,4,2024-05-29,10,250.0
10478,3,7,2024-05-08,1,150.0
10479,6,11,2024-09-22,6,720.0
10480,3,12,2025-02-22,7,210.0
10481,6,2,2025-01-24,10,8000.0
10482,6,4,2024-03-30,7,175.0
10483,2,9,2025-01-29,8,2000.0
10484,3,8,2024-05-05,3,210.0
10485,4,6,2024-02-28,10,3000.0
10486,5,10,2024-07-17,3,240.0
10487,3,1,2024-11-01,8,9600.0
10488,2,2,2024-11-13,2,1600.0
10489,4,7,2024-12-25,2,300.0
10490,1,10,2024-12-01,1,80.0
10491,5,9,2024-12-20,7,1750.0
10492,1,8,2024-08-24,1,70.0
10493,5,11,2024-06-17,8,960.0
10494,4,1,2024-07-09,7,8400.0
10495,1,5,2024-07-13,8,400.0
10496,6,2,2024-07-07,7,5600.0
10497,3,12,2024-09-27,3,90.0
10498,4,5,2024-06-13,9,450.0
10499,5,12,2024-07-11,4,120.0
10500,2,1,2025-01-11,8,9600.0
10501,1,4,2024-04-19,7,175.0
10502,6,7,2024-06-08,2,300.0
10503,3,3,2024-08-01,10,5000.0
10504,6,1,2024-11-01,2,2400.0
10505,3,11,2024-09-23,5,600.0
10506,5,2,2025-01-20,6,4800.0
10507,3,4,2024-09-29,6,150.0
10508,2,2,2025-02-14,8,6400.0
10509,2,5,2024-06-03,7,350.0
10510,6,5,2024-08-13,10,500.0
10511,5,5,2024-08-17,6,300.0
10512,6,7,2024-04-12,5,750.0
10513,6,12,2024-09-08,7,210.0
10514,2,9,2024-10-29,9,2250.0
10515,3,1,2024-03-20,2,2400.0
10516,6,4,2024-05-03,10,250.0
10517,4,5,2024-12-04,8,400.0
10518,4,5,2025-01-19,10,500.0
10519,1,6,2025-01-27,2,600.0
10520,5,7,2024-09-07,1,150.0
10521,6,2,2024-09-12,7,5600.0
10522,6,9,2024-04-27,5,1250.0
10523,6,9,2025-01-02,2,500.0
10524,2,7,2024-07-25,6,900.0
10525,2,12,2024-04-25,10,300.0
10526,4,7,2024-12-08,5,750.0
10527,3,12,2024-04-20,5,150.0
10528,2,1,2024-08-10,5,6000.0
10529,4,7,2024-03-10,7,1050.0
10530,6,7,2025-01-16,9,1350.0
10531,3,6,2024-07-27,9,2700.0
10532,4,5,2024-05-18,8,400.0
10533,4,8,2025-01-03,5,350.0
10534,4,11,2025-02-18,4,480.0
10535,3,10,2024-10-27,7,560.0
10536,2,2,2024-08-24,6,4800.0
10537,5,1,2024-09-22,10,12000.0
10538,4,5,2024-08-09,3,150.0
10539,2,3,2024-11-07,1,500.0
10540,2,9,2024-10-31,7,1750.0
10541,1,9,2025-01-11,3,750.0
10542,3,10,2024-06-02,5,400.0
10543,3,6,2025-01-13,1,300.0
10544,3,10,2024-08-12,3,240.0
10545,5,12,2024-10-17,10,300.0
10546,1,8,2025-02-19,8,560.0
10547,5,10,2024-11-07,4,320.0
10548,3,10,2025-01-07,8,640.0
10549,2,3,2025-01-08,10,5000.0
10550,3,11,2024-05-23,10,1200.0
10551,3,6,2024-04-18,2,600.0
10552,4,5,2024-03-01,9,450.0
10553,6,10,2025-02-13,6,480.0
10554,6,1,2025-02-13,10,12000.0
10555,5,7,2024-05-04,5,750.0
10556,4,10,2024-12-08,4,320.0
10557,2,2,2024-06-09,1,800.0
10558,2,1,2024-03-02,10,12000.0
10559,2,8,2024-04-18,7,490.0
10560,5,1,2025-01-10,3,3600.0
10561,3,9,2024-05-23,6,1500.0
10562,5,12,2024-04-17,9,270.0
10563,4,5,2024-10-17,10,500.0
10564,5,4,2024-05-13,9,225.0
10565,6,3,2024-10-24,3,1500.0
10566,1,2,2024-07-05,4,3200.0
10567,4,8,2024-06-25,7,490.0
10568,1,2,2025-01-12,1,800.0
10569,6,4,2025-01-14,6,150.0
10570,6,2,2024-05-19,4,3200.0
10571,6,7,2024-03-06,3,450.0
10572,3,2,2024-09-30,10,8000.0
10573,5,5,2024-05-04,1,50.0
10574,2,11,2024-05-18,7,840.0
10575,2,4,2025-02-06,3,75.0
10576,3,11,2025-01-14,9,1080.0
10577,3,5,2024-10-11,5,250.0
10578,5,3,2024-09-22,10,5000.0
10579,5,11,2024-03-15,6,720.0
10580,5,10,2025-01-30,6,480.0
10581,2,4,2024-06-17,2,50.0
10582,4,12,2024-11-17,4,120.0
10583,2,3,2025-01-18,9,4500.0
10584,2,5,2024-04-29,2,100.0
10585,3,8,2025-01-03,4,280.0
10586,6,9,2024-10-12,9,2250.0
10587,6,1,2024-09-20,8,9600.0
10588,3,2,2024-07-16,4,3200.0
10589,1,11,2024-04-29,5,600.0
10590,4,9,2024-11-13,3,750.0
10591,3,4,2024-05-18,7,175.0
10592,5,6,2024-10-15,9,2700.0
10593,3,7,2024-06-06,4,600.0
10594,2,5,2024-06-16,4,200.0
10595,6,1,2024-09-02,8,9600.0
10596,2,10,2024-09-26,1,80.0
10597,6,10,2024-11-23,8,640.0
10598,4,12,2024-03-19,4,120.0
10599,4,4,2025-02-21,5,125.0
10600,3,4,2024-04-15,7,175.0
10601,6,12,2024-11-07,10,300.0
10602,3,2,2025-02-08,10,8000.0
10603,6,10,2024-06-05,9,720.0
10604,1,5,2025-02-19,3,150.0
10605,2,4,2024-05-25,4,100.0
10606,2,2,2024-06-28,4,3200.0
10607,5,9,2024-12-07,10,2500.0
10608,2,2,2024-10-05,8,6400.0
10609,2,10,2024-08-12,6,480.0
10610,1,11,2024-10-10,8,960.0
10611,4,6,2024-03-07,7,2100.0
10612,4,5,2024-12-04,2,100.0
10613,6,9,2024-06-12,3,750.0
10614,3,6,2024-06-09,10,3000.0
10615,6,11,2024-07-04,9,1080.0
10616,2,2,2024-06-06,10,8000.0
10617,3,4,2024-05-19,8,200.0
10618,1,4,2024-06-07,8,200.0
10619,3,10,2024-11-01,10,800.0
10620,2,2,2024-12-23,7,5600.0
10621,5,8,2024-03-25,7,490.0
10622,1,4,2024-12-30,2,50.0
10623,2,11,2024-10-05,9,1080.0
10624,6,7,2025-01-17,7,1050.0
10625,5,5,2025-02-04,2,100.0
10626,1,10,2024-02-28,6,480.0
10627,3,10,2024-05-02,8,640.0
10628,2,4,2024-10-29,10,250.0
10629,4,10,2024-06-07,7,560.0
10630,2,8,2024-09-21,4,280.0
10631,5,3,2024-10-07,9,4500.0
10632,6,2,2024-12-24,4,3200.0
10633,4,11,2024-10-14,8,960.0
10634,2,5,2024-03-16,1,50.0
10635,1,3,2025-02-19,4,2000.0
10636,3,3,2024-08-09,9,4500.0
10637,6,7,2025-01-19,6,900.0
10638,5,1,2024-04-11,3,3600.0
10639,1,10,2024-10-18,3,240.0
10640,1,5,2024-12-28,6,300.0
10641,4,8,2024-09-15,5,350.0
10642,3,11,2024-09-11,7,840.0
10643,4,6,2024-05-29,7,2100.0
10644,2,9,2024-08-23,10,2500.0
10645,3,5,2024-10-13,8,400.0
10646,4,6,2024-06-19,6,1800.0
10647,1,8,2024-04-28,8,560.0
10648,6,9,2024-09-19,10,2500.0
10649,3,6,2024-08-22,10,3000.0
10650,4,9,2025-02-19,10,2500.0
10651,6,12,2024-08-02,4,120.0
10652,2,7,2024-05-03,7,1050.0
10653,5,2,2024-06-25,8,6400.0
10654,4,4,2024-05-14,4,100.0
10655,4,5,2024-11-22,3,150.0
10656,4,8,2024-08-23,1,70.0
10657,4,7,2024-09-11,6,900.0
10658,6,12,2024-10-11,9,270.0
10659,6,4,2024-03-08,8,200.0
10660,4,3,2024-03-22,8,4000.0
10661,5,4,2024-04-18,5,125.0
10662,2,2,2025-02-17,7,5600.0
10663,2,2,2024-10-25,2,1600.0
10664,4,5,2024-04-23,2,100.0
10665,1,10,2024-05-27,6,480.0
10666,5,1,2024-07-26,2,2400.0
10667,1,2,2024-03-08,4,3200.0
10668,2,3,2024-10-30,9,4500.0
10669,4,1,2024-06-05,7,8400.0
10670,1,4,2024-07-28,6,150.0
10671,2,1,2024-08-26,1,1200.0
10672,1,4,2024-08-20,6,150.0
10673,3,7,2024-03-14,10,1500.0
10674,1,3,2024-09-22,10,5000.0
10675,5,6,2024-12-08,8,2400.0
10676,1,10,2024-04-30,8,640.0
10677,2,4,2024-04-23,8,200.0
10678,3,1,2024-12-08,2,2400.0
10679,6,9,2024-11-23,10,2500.0
10680,1,6,2024-06-19,4,1200.0
10681,3,6,2024-02-28,10,3000.0
10682,1,6,2025-02-20,7,2100.0
10683,3,10,2024-04-06,6,480.0
10684,3,11,2024-12-21,3,360.0
10685,2,8,2024-03-07,7,490.0
10686,5,8,2024-11-11,3,210.0
10687,3,2,2024-12-15,2,1600.0
10688,6,2,2024-06-24,6,4800.0
10689,2,6,2025-01-26,7,2100.0
10690,1,1,2025-01-30,4,4800.0
10691,2,5,2024-06-21,6,300.0
10692,6,3,2024-04-22,7,3500.0
10693,6,9,2024-04-18,3,750.0
10694,3,9,2025-01-26,1,250.0
10695,1,4,2024-10-21,2,50.0
10696,6,11,2024-10-12,3,360.0
10697,2,3,2024-09-20,10,5000.0
10698,6,3,2024-07-14,10,5000.0
10699,1,5,2024-07-20,8,400.0
10700,6,1,2024-11-10,5,6000.0
10701,4,9,2024-08-19,6,1500.0
10702,1,6,2024-04-14,10,3000.0
10703,6,8,2024-04-13,2,140.0
10704,1,1,2024-03-02,7,8400.0
10705,6,9,2024-07-05,5,1250.0
10706,5,11,2024-05-20,8,960.0
10707,5,12,2024-07-27,4,120.0
10708,4,5,2025-01-30,8,400.0
10709,2,7,2024-05-07,5,750.0
10710,3,3,2024-08-08,6,3000.0
10711,4,11,2024-09-23,7,840.0
10712,5,1,2024-02-28,10,12000.0
10713,6,2,2024-03-17,5,4000.0
10714,5,7,2025-01-31,3,450.0
10715,6,4,2025-02-20,1,25.0
10716,4,10,2024-04-07,2,160.0
10717,1,8,2024-03-05,4,280.0
10718,2,9,2024-10-23,1,250.0
10719,3,8,2024-06-09,4,280.0
10720,4,10,2024-04-02,6,480.0
10721,4,4,2024-11-29,8,200.0
10722,2,6,2025-01-01,10,3000.0
10723,5,2,2024-10-21,2,1600.0
10724,2,6,2025-01-19,8,2400.0
10725,1,12,2024-06-16,9,270.0
10726,4,5,2024-05-27,6,300.0
10727,6,5,2024-03-26,4,200.0
10728,2,3,2024-06-25,3,1500.0
10729,6,8,2024-10-09,4,280.0
10730,3,6,2024-05-05,3,900.0
10731,1,7,2024-06-26,8,1200.0
10732,6,2,2024-09-18,1,800.0
10733,6,10,2024-11-21,3,240.0
10734,4,3,2024-07-27,7,3500.0
10735,4,4,2025-02-17,2,50.0
10736,3,6,2025-02-06,4,1200.0
10737,6,2,2025-01-06,4,3200.0
10738,3,9,2024-05-23,8,2000.0
10739,1,6,2024-04-11,2,600.0
10740,2,7,2024-04-02,2,300.0
10741,2,6,2024-09-26,3,900.0
10742,1,9,2024-04-08,3,750.0
10743,1,6,2024-07-21,2,600.0
10744,6,12,2024-04-26,8,240.0
10745,1,1,2024-11-27,10,12000.0
10746,2,6,2024-09-28,7,2100.0
10747,6,6,2024-04-17,2,600.0
10748,3,6,2024-11-21,3,900.0
10749,6,5,2024-08-10,1,50.0
10750,3,6,2024-09-20,2,600.0
10751,6,5,2024-11-24,3,150.0
10752,3,10,2024-06-19,6,480.0
10753,3,6,2024-08-03,6,1800.0
10754,3,6,2024-07-24,1,300.0
10755,2,1,2025-01-14,9,10800.0
10756,3,12,2024-12-27,8,240.0
10757,2,7,2025-02-24,5,750.0
10758,4,11,2024-10-21,5,600.0
10759,6,7,2024-06-01,2,300.0
10760,6,8,2024-06-03,10,700.0
10761,1,9,2024-06-30,10,2500.0
10762,1,7,2024-08-19,9,1350.0
10763,6,4,2024-12-26,1,25.0
10764,2,6,2025-02-05,8,2400.0
10765,4,7,2024-06-10,7,1050.0
10766,2,5,2024-04-13,3,150.0
10767,6,6,2024-12-30,3,900.0
10768,4,3,2025-02-09,10,5000.0
10769,1,9,2024-05-02,3,750.0
10770,2,10,2024-11-21,4,320.0
10771,5,4,2024-05-21,4,100.0
10772,6,8,2024-04-10,1,70.0
10773,2,2,2024-06-04,1,800.0
10774,5,4,2024-09-19,7,175.0
10775,2,11,2024-09-29,2,240.0
10776,4,10,2024-05-19,10,800.0
10777,1,1,2024-06-18,10,12000.0
10778,5,9,2024-10-29,5,1250.0
10779,5,6,2024-03-13,6,1800.0
10780,6,11,2025-02-20,5,600.0
10781,1,12,2024-10-11,2,60.0
10782,2,3,2024-12-28,7,3500.0
10783,5,2,2024-08-28,5,4000.0
10784,6,7,2024-10-18,1,150.0
10785,1,5,2024-12-03,10,500.0
10786,6,1,2024-07-29,9,10800.0
10787,5,12,2025-01-26,3,90.0
10788,4,3,2024-11-26,4,2000.0
10789,4,6,2024-04-26,9,2700.0
10790,5,12,2024-10-19,8,240.0
10791,6,3,2025-02-08,9,4500.0
10792,2,6,2025-01-06,9,2700.0
10793,4,12,2025-01-23,10,300.0
10794,6,8,2024-11-14,4,280.0
10795,5,1,2024-06-19,7,8400.0
10796,3,4,2024-09-06,6,150.0
10797,3,7,2025-01-08,3,450.0
10798,1,4,2024-12-05,3,75.0
10799,3,11,2024-04-21,3,360.0
10800,3,6,2024-11-13,10,3000.0
10801,1,10,2024-05-25,1,80.0
10802,5,8,2024-04-06,7,490.0
10803,4,2,2025-02-23,7,5600.0
10804,2,12,2024-05-20,9,270.0
10805,3,6,2024-08-30,2,600.0
10806,5,4,2024-05-23,10,250.0
10807,1,3,2024-04-25,4,2000.0
10808,3,5,2024-03-22,4,200.0
10809,3,12,2024-08-14,8,240.0
10810,2,3,2024-11-22,2,1000.0
10811,5,4,2024-05-14,10,250.0
10812,4,11,2024-04-30,6,720.0
10813,2,6,2024-07-20,7,2100.0
10814,2,9,2024-09-01,3,750.0
10815,6,6,2024-09-01,1,300.0
10816,1,10,2024-05-19,8,640.0
10817,6,4,2024-06-19,7,175.0
10818,1,7,2024-08-08,3,450.0
10819,2,6,2024-06-25,7,2100.0
10820,6,6,2025-01-30,8,2400.0
10821,3,5,2024-03-16,7,350.0
10822,1,9,2024-03-26,8,2000.0
10823,5,4,2024-06-07,7,175.0
10824,1,4,2024-08-23,8,200.0
10825,5,4,2024-12-22,8,200.0
10826,4,2,2024-10-03,10,8000.0
10827,1,7,2025-02-20,6,900.0
10828,3,6,2024-06-02,5,1500.0
10829,2,7,2024-06-09,8,1200.0
10830,4,7,2024-06-17,8,1200.0
10831,6,10,2024-05-02,6,480.0
10832,1,7,2024-10-01,9,1350.0
10833,6,3,2024-12-03,5,2500.0
10834,2,4,2024-03-14,6,150.0
10835,4,8,2024-03-22,1,70.0
10836,2,9,2024-10-04,1,250.0
10837,6,4,2024-10-27,9,225.0
10838,6,4,2024-12-25,2,50.0
10839,2,3,2024-05-28,5,2500.0
10840,4,4,2024-02-29,9,225.0
10841,6,4,2024-04-03,3,75.0
10842,1,12,2024-04-19,4,120.0
10843,5,9,2024-05-13,4,1000.0
10844,3,1,2024-12-15,9,10800.0
10845,6,12,2024-10-23,7,210.0
10846,1,8,2024-11-02,10,700.0
10847,6,10,2024-07-21,5,400.0
10848,1,11,2024-10-03,2,240.0
10849,2,6,2025-01-04,9,2700.0
10850,2,11,2024-09-28,4,480.0
10851,2,8,2025-01-14,6,420.0
10852,5,1,2024-08-05,1,1200.0
10853,1,11,2024-11-24,9,1080.0
10854,1,1,2025-02-19,9,10800.0
10855,1,10,2024-11-10,1,80.0
10856,4,12,2024-06-12,6,180.0
10857,3,7,2024-05-03,3,450.0
10858,5,1,2024-09-16,5,6000.0
10859,1,8,2024-08-06,9,630.0
10860,3,8,2024-09-11,1,70.0
10861,1,1,2024-09-03,1,1200.0
10862,4,12,2024-04-15,1,30.0
10863,3,1,2024-05-14,6,7200.0
10864,4,6,2025-01-30,2,600.0
10865,3,2,2024-12-09,5,4000.0
10866,4,3,2025-01-12,4,2000.0
10867,6,2,2024-06-02,3,2400.0
10868,2,12,2024-08-28,6,180.0
10869,2,8,2024-04-12,7,490.0
10870,6,5,2024-08-10,8,400.0
10871,3,9,2024-06-13,2,500.0
10872,5,9,2024-06-10,9,2250.0
10873,2,2,2024-11-27,9,7200.0
10874,5,1,2024-03-14,6,7200.0
10875,1,1,2024-10-21,4,4800.0
10876,1,5,2024-06-25,10,500.0
10877,3,12,2024-09-17,1,30.0
10878,6,6,2024-03-10,7,2100.0
10879,6,4,2024-08-14,6,150.0
10880,5,4,2025-01-21,6,150.0
10881,4,9,2024-03-12,10,2500.0
10882,2,7,2024-09-01,5,750.0
10883,5,1,2024-05-02,5,6000.0
10884,2,10,2024-12-19,1,80.0
10885,6,12,2024-03-12,8,240.0
10886,5,12,2024-06-06,3,90.0
10887,6,9,2024-05-13,3,750.0
10888,5,10,2024-06-02,5,400.0
10889,2,6,2024-09-06,2,600.0
10890,5,3,2024-12-29,6,3000.0
10891,4,11,2024-09-10,2,240.0
10892,4,1,2024-07-01,2,2400.0
10893,2,1,2024-04-01,5,6000.0
10894,1,4,2024-08-20,2,50.0
10895,2,9,2024-04-08,8,2000.0
10896,5,5,2024-06-06,2,100.0
10897,3,3,2024-04-03,4,2000.0
10898,3,1,2024-09-22,4,4800.0
10899,6,10,2025-02-06,8,640.0
10900,6,4,2025-01-25,2,50.0
10901,5,11,2025-01-05,5,600.0
10902,1,4,2024-04-15,5,125.0
10903,4,10,2025-01-22,2,160.0
10904,1,7,2024-08-28,7,1050.0
10905,1,11,2024-05-04,10,1200.0
10906,5,12,2024-04-15,10,300.0
10907,5,4,2025-02-19,1,25.0
10908,3,10,2024-12-22,1,80.0
10909,1,7,2024-11-04,1,150.0
10910,3,12,2024-12-08,6,180.0
10911,3,9,2024-06-11,3,750.0
10912,4,2,2024-10-05,10,8000.0
10913,5,2,2024-07-29,3,2400.0
10914,3,6,2024-06-27,2,600.0
10915,3,5,2025-01-10,3,150.0
10916,6,4,2024-06-13,7,175.0
10917,6,6,2025-01-23,4,1200.0
10918,5,4,2024-05-29,7,175.0
10919,4,7,2024-06-28,7,1050.0
10920,3,3,2024-04-18,7,3500.0
10921,2,12,2025-01-01,6,180.0
10922,3,5,2024-05-27,10,500.0
10923,5,5,2024-06-29,6,300.0
10924,4,7,2024-06-17,6,900.0
10925,5,1,2024-11-15,4,4800.0
10926,2,10,2024-07-31,9,720.0
10927,1,5,2024-03-10,2,100.0
10928,2,4,2024-12-08,8,200.0
10929,6,8,2024-06-28,9,630.0
10930,6,12,2024-07-05,1,30.0
10931,3,9,2024-03-05,8,2000.0
10932,5,12,2024-12-10,1,30.0
10933,4,2,2024-05-15,3,2400.0
10934,4,6,2024-03-16,5,1500.0
10935,5,4,2024-09-15,1,25.0
10936,6,12,2024-07-21,2,60.0
10937,3,9,2024-06-18,3,750.0
10938,1,7,2024-10-13,2,300.0
10939,3,10,2024-10-13,3,240.0
10940,5,2,2024-11-10,6,4800.0
10941,5,6,2024-04-30,7,2100.0
10942,3,6,2024-05-15,2,600.0
10943,3,8,2025-01-14,3,210.0
10944,1,12,2024-06-25,6,180.0
10945,1,4,2024-07-14,7,175.0
10946,6,8,2025-01-08,4,280.0
10947,5,10,2024-12-09,9,720.0
10948,3,8,2025-01-06,1,70.0
10949,4,1,2025-02-23,6,7200.0
10950,4,11,2024-04-04,10,1200.0
10951,2,1,2024-03-31,3,3600.0
10952,2,4,2024-08-15,8,200.0
10953,6,3,2024-04-03,6,3000.0
10954,3,7,2024-12-06,8,1200.0
10955,5,5,2024-09-28,5,250.0
10956,1,7,2024-06-18,8,1200.0
10957,3,10,2024-08-10,5,400.0
10958,4,6,2024-12-17,8,2400.0
10959,2,10,2024-11-09,6,480.0
10960,3,5,2024-02-28,8,400.0
10961,6,2,2024-03-20,6,4800.0
10962,6,5,2024-10-14,2,100.0
10963,4,12,2024-09-03,2,60.0
10964,5,10,2024-09-28,1,80.0
10965,3,9,2025-01-12,4,1000.0
10966,6,2,2024-12-06,4,3200.0
10967,3,8,2024-05-01,4,280.0
10968,3,2,2024-12-16,7,5600.0
10969,4,3,2024-02-29,3,1500.0
10970,5,1,2024-10-31,4,4800.0
10971,5,11,2024-11-25,4,480.0
10972,4,10,2024-08-29,8,640.0
10973,3,8,2024-12-24,1,70.0
10974,6,9,2024-07-17,7,1750.0
10975,2,8,2024-03-31,4,280.0
10976,6,2,2024-08-22,1,800.0
10977,2,11,2024-04-13,1,120.0
10978,6,2,2024-09-23,9,7200.0
10979,1,5,2024-06-09,1,50.0
10980,4,11,2024-08-04,2,240.0
10981,5,2,2024-12-04,6,4800.0
10982,5,5,2024-09-29,1,50.0
10983,4,10,2024-07-01,3,240.0
10984,5,11,2024-10-07,7,840.0
10985,4,4,2024-08-16,4,100.0
10986,6,12,2024-05-08,4,120.0
10987,1,12,2024-12-18,8,240.0
10988,5,11,2024-12-21,2,240.0
10989,5,10,2024-05-29,4,320.0
10990,3,8,2024-08-15,4,280.0
10991,2,10,2024-03-27,8,640.0
10992,4,5,2024-06-02,7,350.0
10993,6,3,2024-03-05,5,2500.0
10994,5,4,2024-03-27,8,200.0
10995,3,1,2024-06-04,9,10800.0
10996,3,7,2024-12-23,6,900.0
10997,5,7,2024-03-31,7,1050.0
10998,5,10,2024-06-07,3,240.0
10999,3,2,2024-12-28,8,6400.0
11000,5,5,2025-01-02,3,150.0
11001,1,7,2025-01-18,8,1200.0
11002,5,12,2024-04-02,7,210.0
11003,4,10,2024-04-11,5,400.0
11004,5,11,2025-01-01,10,1200.0
11005,6,9,2025-01-20,3,750.0
11006,5,4,2024-10-21,2,50.0
11007,2,11,2025-02-01,7,840.0
11008,5,10,2024-08-18,7,560.0
11009,1,7,2025-01-18,1,150.0
11010,2,6,2024-12-08,10,3000.0
11011,1,8,2024-06-07,5,350.0
11012,1,8,2025-02-15,10,700.0
11013,3,8,2024-10-08,3,210.0
11014,1,9,2024-06-08,1,250.0
11015,1,4,2024-10-13,8,200.0
11016,5,9,2024-05-22,6,1500.0
11017,5,11,2024-06-04,2,240.0
11018,2,3,2024-05-24,2,1000.0
11019,5,12,2024-04-02,5,150.0
11020,2,6,2024-12-10,6,1800.0
11021,6,6,2024-04-25,3,900.0
11022,5,5,2025-02-01,6,300.0
11023,3,6,2024-11-10,4,1200.0
11024,4,2,2024-07-03,1,800.0
11025,3,4,2024-04-18,4,100.0
11026,5,7,2024-12-29,4,600.0
11027,5,4,2024-05-12,10,250.0
11028,1,4,2024-12-28,7,175.0
11029,1,3,2024-04-05,1,500.0
11030,2,10,2024-06-14,3,240.0
11031,4,5,2024-11-25,5,250.0
11032,3,10,2024-07-30,8,640.0
11033,2,3,2025-01-26,5,2500.0
11034,3,5,2024-05-10,3,150.0
11035,5,5,2024-05-13,2,100.0
11036,1,10,2024-04-08,9,720.0
11037,6,6,2024-05-06,10,3000.0
11038,6,9,2024-10-16,10,2500.0
11039,2,3,2024-03-18,8,4000.0
11040,6,2,2024-08-17,4,3200.0
11041,3,2,2024-04-18,1,800.0
11042,4,8,2025-01-11,6,420.0
11043,3,8,2024-08-15,6,420.0
11044,5,8,2024-03-06,6,420.0
11045,6,8,2025-01-09,2,140.0
11046,3,7,2024-04-11,6,900.0
11047,5,2,2025-01-02,8,6400.0
11048,2,5,2024-08-04,8,400.0
11049,4,3,2024-08-11,1,500.0
11050,3,5,2024-07-28,4,200.0
11051,5,11,2024-08-10,7,840.0
11052,5,9,2024-06-04,8,2000.0
11053,5,10,2024-12-15,9,720.0
11054,5,10,2024-08-04,9,720.0
11055,5,5,2024-08-04,3,150.0
11056,3,9,2024-03-03,5,1250.0
11057,3,12,2024-11-10,4,120.0
11058,3,2,2024-03-13,1,800.0
11059,5,2,2024-09-05,8,6400.0
11060,6,4,2025-02-25,2,50.0
11061,5,9,2024-09-26,8,2000.0
11062,4,6,2024-08-10,6,1800.0
11063,6,6,2024-04-30,2,600.0
11064,3,9,2025-01-07,7,1750.0
11065,3,10,2025-02-18,2,160.0
11066,6,12,2024-05-26,8,240.0
11067,4,2,2024-06-12,6,4800.0
11068,4,6,2024-03-04,5,1500.0
11069,4,2,2024-09-16,1,800.0
11070,6,1,2024-10-07,7,8400.0
11071,5,10,2024-06-28,3,240.0
11072,5,2,2024-06-29,5,4000.0
11073,5,10,2024-12-17,9,720.0
11074,1,6,2024-06-22,5,1500.0
11075,2,6,2024-04-21,7,2100.0
11076,2,7,2024-04-24,4,600.0
11077,4,1,2024-07-10,9,10800.0
11078,4,3,2024-04-05,6,3000.0
11079,5,5,2025-01-31,10,500.0
11080,6,7,2024-08-24,6,900.0
11081,4,5,2024-07-07,2,100.0
11082,2,9,2024-06-13,10,2500.0
11083,6,12,2024-03-28,9,270.0
11084,5,4,2024-11-29,3,75.0
11085,3,10,2025-02-22,2,160.0
11086,3,8,2024-11-10,9,630.0
11087,6,2,2024-02-29,1,800.0
11088,3,10,2024-11-19,7,560.0
11089,3,10,2024-04-18,3,240.0
11090,4,5,2024-10-25,5,250.0
11091,6,7,2025-01-17,6,900.0
11092,2,9,2024-07-30,6,1500.0
11093,2,3,2024-09-16,8,4000.0
11094,3,10,2024-11-16,2,160.0
11095,3,6,2024-06-22,10,3000.0
11096,4,2,2024-06-27,8,6400.0
11097,2,1,2024-08-17,4,4800.0
11098,3,6,2025-01-06,10,3000.0
11099,2,5,2025-01-09,1,50.0
11100,5,2,2024-03-16,5,4000.0
11101,3,12,2024-02-29,9,270.0
11102,3,8,2024-03-12,10,700.0
11103,3,11,2024-07-08,3,360.0
11104,3,7,2024-08-26,6,900.0
11105,4,5,2024-10-21,5,250.0
11106,6,5,2024-11-06,1,50.0
11107,1,7,2024-11-25,7,1050.0
11108,2,1,2024-11-25,3,3600.0
11109,1,6,2024-06-14,10,3000.0
11110,2,6,2024-03-21,1,300.0
11111,4,11,2024-04-05,2,240.0
11112,2,8,2024-07-22,3,210.0
11113,4,12,2024-10-27,5,150.0
11114,4,11,2024-09-11,5,600.0
11115,6,2,2024-08-05,8,6400.0
11116,2,7,2024-09-03,8,1200.0
11117,2,1,2024-12-20,7,8400.0
11118,2,12,2024-09-22,3,90.0
11119,2,8,2024-06-27,6,420.0
11120,3,9,2024-07-30,2,500.0
11121,5,8,2024-05-09,4,280.0
11122,6,10,2024-04-23,3,240.0
11123,3,12,2024-07-08,3,90.0
11124,6,12,2024-06-17,6,180.0
11125,6,7,2024-03-28,10,1500.0
11126,2,8,2024-07-06,3,210.0
11127,5,10,2024-09-24,3,240.0
11128,5,4,2024-05-23,7,175.0
11129,1,11,2024-06-13,3,360.0
11130,5,11,2024-04-19,6,720.0
11131,6,4,2024-04-04,5,125.0
11132,2,6,2025-01-29,7,2100.0
11133,4,3,2024-03-10,10,5000.0
11134,2,9,2024-07-21,8,2000.0
11135,4,8,2024-06-03,3,210.0
11136,4,1,2024-05-02,1,1200.0
11137,4,1,2024-08-02,4,4800.0
11138,5,8,2024-10-06,6,420.0
11139,1,4,2025-01-27,10,250.0
11140,4,7,2024-11-26,2,300.0
11141,2,8,2024-11-09,9,630.0
11142,3,9,2024-11-27,9,2250.0
11143,5,4,2024-06-15,7,175.0
11144,4,5,2024-11-21,5,250.0
11145,5,8,2024-03-09,4,280.0
11146,3,1,2024-08-07,9,10800.0
11147,6,5,2024-07-13,6,300.0
11148,1,5,2024-06-02,9,450.0
11149,2,3,2025-02-05,6,3000.0
11150,6,1,2024-05-08,5,6000.0
11151,6,8,2025-02-21,2,140.0
11152,5,10,2024-03-25,8,640.0
11153,1,12,2024-07-05,2,60.0
11154,4,12,2025-01-17,1,30.0
11155,6,8,2024-04-02,1,70.0
11156,4,10,2024-03-08,8,640.0
11157,2,11,2024-04-15,8,960.0
11158,3,1,2024-07-03,6,7200.0
11159,5,10,2024-10-12,10,800.0
11160,4,4,2024-12-05,1,25.0
11161,5,1,2024-03-21,5,6000.0
11162,4,3,2024-11-20,4,2000.0
11163,5,10,2024-12-31,5,400.0
11164,1,5,2024-05-08,4,200.0
11165,5,7,2024-12-23,1,150.0
11166,5,10,2024-07-24,1,80.0
11167,3,12,2025-01-01,10,300.0
11168,6,4,2025-02-12,1,25.0
11169,4,3,2024-12-20,7,3500.0
11170,6,10,2024-12-12,10,800.0
11171,3,11,2024-03-11,6,720.0
11172,1,3,2025-01-23,4,2000.0
11173,5,11,2024-11-12,3,360.0
11174,1,10,2024-08-15,4,320.0
11175,3,4,2024-08-13,7,175.0
11176,6,7,2024-08-06,2,300.0
11177,3,12,2024-09-20,2,60.0
11178,1,9,2024-12-07,3,750.0
11179,1,1,2025-02-13,8,9600.0
11180,1,8,2024-06-11,2,140.0
11181,4,5,2024-06-14,8,400.0
11182,1,4,2025-02-22,7,175.0
11183,4,9,2024-07-23,7,1750.0
11184,3,11,2024-12-08,6,720.0
11185,6,2,2024-09-22,7,5600.0
11186,5,3,2024-08-05,1,500.0
11187,3,2,2024-08-01,6,4800.0
11188,4,1,2024-09-15,6,7200.0
11189,5,12,2024-09-18,2,60.0
11190,4,5,2024-04-17,7,350.0
11191,4,8,2024-12-11,3,210.0
11192,4,11,2024-03-16,6,720.0
11193,4,2,2024-12-30,8,6400.0
11194,6,8,2024-04-19,7,490.0
11195,5,1,2025-02-12,7,8400.0
11196,3,10,2024-12-07,8,640.0
11197,3,12,2024-07-16,3,90.0
11198,1,8,2024-03-20,7,490.0
11199,2,10,2024-11-10,1,80.0
11200,3,4,2024-03-26,7,175.0
11201,3,9,2025-02-10,5,1250.0
11202,6,12,2024-08-12,7,210.0
11203,2,7,2024-10-10,7,1050.0
11204,6,5,2024-09-09,3,150.0
11205,4,4,2024-09-02,8,200.0
11206,1,3,2024-09-12,4,2000.0
11207,2,8,2025-02-19,10,700.0
11208,5,3,2024-04-26,1,500.0
11209,5,10,2024-10-17,1,80.0
11210,2,4,2024-07-23,3,75.0
11211,6,7,2024-08-16,5,750.0
11212,3,2,2024-04-11,5,4000.0
11213,3,8,2024-11-27,2,140.0
11214,4,9,2024-08-11,2,500.0
11215,2,6,2024-06-18,9,2700.0
11216,3,6,2024-09-30,4,1200.0
11217,6,6,2024-03-23,10,3000.0
11218,3,12,2025-01-12,1,30.0
11219,5,3,2024-05-25,8,4000.0
11220,2,8,2024-12-13,6,420.0
11221,3,11,2024-03-23,1,120.0
11222,5,7,2024-10-11,4,600.0
11223,2,9,2025-01-28,7,1750.0
11224,2,4,2025-01-20,10,250.0
11225,3,2,2024-06-13,10,8000.0
11226,6,8,2024-04-28,1,70.0
11227,5,2,2024-12-25,8,6400.0
11228,5,1,2024-07-26,3,3600.0
11229,1,12,2024-09-24,4,120.0
11230,1,6,2025-01-23,5,1500.0
11231,3,11,2024-05-31,9,1080.0
11232,6,10,2025-01-20,3,240.0
11233,3,12,2024-08-04,6,180.0
11234,3,3,2024-06-28,10,5000.0
11235,3,9,2024-12-13,4,1000.0
11236,5,2,2025-02-19,8,6400.0
11237,5,6,2024-08-04,9,2700.0
11238,5,5,2024-03-24,9,450.0
11239,2,5,2025-02-07,1,50.0
11240,6,6,2025-01-24,2,600.0
11241,3,5,2024-10-31,5,250.0
11242,4,8,2025-02-04,5,350.0
11243,2,6,2024-09-04,7,2100.0
11244,3,11,2024-06-24,10,1200.0
11245,5,4,2024-06-12,10,250.0
11246,5,5,2024-06-12,6,300.0
11247,4,1,2025-01-16,9,10800.0
11248,6,9,2024-06-07,2,500.0
11249,2,7,2024-06-26,6,900.0
11250,5,9,2024-08-12,1,250.0
11251,1,4,2025-02-03,3,75.0
11252,1,6,2024-09-02,1,300.0
11253,5,8,2025-02-05,10,700.0
11254,2,10,2024-03-11,8,640.0
11255,5,3,2024-12-06,8,4000.0
11256,4,1,2024-05-10,5,6000.0
11257,3,11,2024-11-13,8,960.0
11258,3,3,2025-01-03,4,2000.0
11259,1,7,2025-02-10,6,900.0
11260,4,8,2024-04-04,8,560.0
11261,5,8,2024-08-26,4,280.0
11262,6,8,2024-11-03,2,140.0
11263,5,5,2024-06-12,8,400.0
11264,1,1,2024-11-09,3,3600.0
11265,6,6,2024-09-30,2,600.0
11266,3,1,2024-03-15,9,10800.0
11267,3,4,2025-01-10,7,175.0
11268,1,2,2024-12-27,4,3200.0
11269,4,8,2024-06-15,2,140.0
11270,1,5,2024-04-07,7,350.0
11271,1,1,2025-01-13,8,9600.0
11272,2,10,2024-09-15,4,320.0
11273,4,2,2024-09-14,4,3200.0
11274,5,3,2024-10-23,6,3000.0
11275,3,4,2024-09-05,8,200.0
11276,3,3,2024-03-05,1,500.0
11277,6,11,2024-02-28,1,120.0
11278,3,9,2024-09-18,1,250.0
11279,1,8,2025-01-11,7,490.0
11280,2,5,2024-03-14,1,50.0
11281,5,8,2024-11-14,7,490.0
11282,3,3,2024-07-09,10,5000.0
11283,6,5,2024-07-03,8,400.0
11284,2,6,2024-07-20,4,1200.0
11285,4,7,2024-12-22,2,300.0
11286,5,5,2025-01-28,9,450.0
11287,3,1,2024-09-17,9,10800.0
11288,3,6,2024-04-19,9,2700.0
11289,1,9,2024-11-04,4,1000.0
11290,5,2,2024-11-14,5,4000.0
11291,1,10,2024-08-26,10,800.0
11292,6,3,2024-11-14,4,2000.0
11293,5,7,2025-01-04,2,300.0
11294,1,11,2024-04-26,6,720.0
11295,1,9,2024-03-02,4,1000.0
11296,3,1,2024-04-10,2,2400.0
11297,6,9,2024-12-11,3,750.0
11298,1,7,2024-03-09,5,750.0
11299,5,8,2024-10-16,7,490.0
11300,6,11,2024-08-25,2,240.0
11301,2,12,2025-01-31,6,180.0
11302,5,9,2024-07-27,2,500.0
11303,6,7,2024-08-22,7,1050.0
11304,3,6,2025-01-27,2,600.0
11305,5,12,2024-08-17,7,210.0
11306,4,9,2024-09-02,1,250.0
11307,1,11,2024-04-06,2,240.0
11308,6,2,2024-11-13,9,7200.0
11309,4,6,2024-08-10,4,1200.0
11310,6,10,2024-05-29,5,400.0
11311,5,11,2024-12-14,8,960.0
11312,2,5,2024-12-27,8,400.0
11313,1,2,2024-10-02,5,4000.0
11314,1,8,2024-12-15,4,280.0
11315,4,7,2024-11-30,1,150.0
11316,5,1,2024-05-14,9,10800.0
11317,5,6,2024-12-16,9,2700.0
11318,3,11,2024-11-29,4,480.0
11319,2,6,2025-02-01,7,2100.0
11320,4,11,2024-11-19,9,1080.0
11321,5,11,2024-08-04,9,1080.0
11322,5,11,2024-06-11,6,720.0
11323,4,9,2025-02-16,1,250.0
11324,3,10,2024-03-13,3,240.0
11325,1,11,2025-01-29,4,480.0
11326,1,7,2024-05-08,2,300.0
11327,1,9,2024-04-21,3,750.0
11328,1,6,2024-06-30,10,3000.0
11329,3,10,2024-06-08,1,80.0
11330,3,8,2024-06-05,10,700.0
11331,6,2,2024-11-27,6,4800.0
11332,4,9,2024-12-03,3,750.0
11333,6,10,2024-03-15,2,160.0
11334,6,8,2024-09-16,6,420.0
11335,6,10,2024-07-04,9,720.0
11336,1,5,2024-12-03,8,400.0
11337,1,7,2024-08-06,5,750.0
11338,2,12,2024-12-02,7,210.0
11339,6,4,2024-06-18,5,125.0
11340,3,9,2024-08-07,2,500.0
11341,4,7,2024-07-13,10,1500.0
11342,1,8,2024-10-29,4,280.0
11343,5,5,2024-12-24,2,100.0
11344,1,8,2024-11-29,8,560.0
11345,6,6,2024-11-17,8,2400.0
11346,1,2,2024-05-14,4,3200.0
11347,6,6,2025-02-01,3,900.0
11348,1,11,2024-07-15,1,120.0
11349,5,6,2024-09-03,3,900.0
11350,1,11,2024-10-02,10,1200.0
11351,6,2,2024-03-19,3,2400.0
11352,3,9,2024-04-16,9,2250.0
11353,5,7,2024-03-06,9,1350.0
11354,4,4,2024-10-13,5,125.0
11355,6,11,2024-05-03,6,720.0
11356,4,4,2024-12-06,2,50.0
11357,3,2,2025-02-21,7,5600.0
11358,1,11,2024-10-19,2,240.0
11359,5,6,2024-03-15,8,2400.0
11360,2,11,2024-08-05,4,480.0
11361,6,6,2024-06-03,4,1200.0
11362,2,4,2025-01-11,2,50.0
11363,2,2,2024-04-04,4,3200.0
11364,1,7,2024-10-05,4,600.0
11365,3,11,2024-11-15,8,960.0
11366,6,6,2025-01-26,4,1200.0
11367,5,9,2024-08-26,7,1750.0
11368,2,5,2024-10-30,2,100.0
11369,5,8,2025-01-17,8,560.0
11370,4,10,2024-07-27,8,640.0
11371,3,4,2024-07-04,9,225.0
11372,1,8,2024-05-25,2,140.0
11373,4,12,2024-12-23,10,300.0
11374,2,10,2024-04-01,2,160.0
11375,4,10,2024-05-18,3,240.0
11376,3,9,2024-08-26,8,2000.0
11377,2,10,2024-04-23,10,800.0
11378,2,10,2024-06-28,2,160.0
11379,4,9,2024-05-01,9,2250.0
11380,4,4,2024-11-04,9,225.0
11381,1,3,2024-04-04,4,2000.0
11382,3,8,2024-06-06,9,630.0
11383,4,11,2024-10-24,4,480.0
11384,5,4,2024-09-14,3,75.0
11385,3,3,2024-09-24,7,3500.0
11386,2,6,2025-02-13,3,900.0
11387,5,2,2024-11-12,4,3200.0
11388,3,11,2024-03-25,4,480.0
11389,6,4,2024-05-09,1,25.0
11390,2,11,2025-01-26,2,240.0
11391,3,12,2024-09-17,1,30.0
11392,3,8,2025-02-19,4,280.0
11393,3,5,2025-02-21,3,150.0
11394,4,6,2024-03-20,7,2100.0
11395,4,4,2024-03-12,10,250.0
11396,2,3,2024-09-08,10,5000.0
11397,5,11,2024-07-15,7,840.0
11398,6,1,2024-05-12,3,3600.0
11399,3,5,2024-11-05,6,300.0
11400,6,6,2025-02-15,10,3000.0
11401,5,12,2024-03-12,1,30.0
11402,1,5,2024-09-28,3,150.0
11403,1,10,2024-09-25,9,720.0
11404,2,6,2025-02-13,1,300.0
11405,2,6,2024-06-28,10,3000.0
11406,5,11,2024-12-11,5,600.0
11407,5,10,2025-01-10,3,240.0
11408,4,7,2024-07-15,6,900.0
11409,4,10,2024-05-20,4,320.0
11410,5,1,2025-01-19,3,3600.0
11411,5,3,2025-02-01,9,4500.0
11412,2,8,2024-09-22,10,700.0
11413,4,9,2024-12-14,4,1000.0
11414,2,9,2024-06-16,10,2500.0
11415,6,1,2024-07-16,5,6000.0
11416,5,1,2024-12-22,6,7200.0
11417,1,10,2024-12-26,6,480.0
11418,1,9,2025-01-30,1,250.0
11419,5,1,2024-08-27,8,9600.0
11420,4,3,2024-04-18,3,1500.0
11421,4,1,2024-07-15,1,1200.0
11422,5,4,2024-08-08,7,175.0
11423,6,9,2024-06-22,8,2000.0
11424,3,6,2024-04-18,9,2700.0
11425,6,4,2025-01-04,1,25.0
11426,3,11,2024-05-01,5,600.0
11427,3,12,2024-04-26,1,30.0
11428,4,4,2024-05-31,1,25.0
11429,5,12,2024-09-10,3,90.0
11430,3,5,2024-09-21,4,200.0
11431,1,5,2024-06-23,1,50.0
11432,3,10,2024-06-29,4,320.0
11433,5,4,2024-07-27,7,175.0
11434,3,10,2024-08-13,7,560.0
11435,5,12,2025-01-29,9,270.0
11436,5,4,2024-10-25,5,125.0
11437,6,9,2024-08-18,10,2500.0
11438,6,7,2024-07-25,8,1200.0
11439,5,1,2025-02-08,6,7200.0
11440,2,6,2024-04-04,1,300.0
11441,3,12,2024-06-14,6,180.0
11442,1,3,2024-10-07,4,2000.0
11443,1,2,2025-02-19,7,5600.0
11444,5,3,2024-09-12,6,3000.0
11445,2,4,2025-01-06,3,75.0
11446,1,8,2024-08-03,7,490.0
11447,2,8,2025-02-07,7,490.0
11448,6,3,2024-11-17,7,3500.0
11449,3,9,2024-03-07,4,1000.0
11450,3,7,2024-05-19,6,900.0
11451,5,8,2024-12-22,4,280.0
11452,6,3,2024-06-12,7,3500.0
11453,2,5,2024-07-29,10,500.0
11454,4,6,2024-03-30,9,2700.0
11455,5,10,2024-06-20,4,320.0
11456,2,1,2025-01-24,9,10800.0
11457,4,11,2025-01-23,1,120.0
11458,5,6,2024-06-01,8,2400.0
11459,1,4,2025-01-13,2,50.0
11460,2,5,2024-11-11,7,350.0
11461,6,7,2024-08-23,6,900.0
11462,6,8,2024-07-19,5,350.0
11463,6,5,2024-03-08,1,50.0
11464,6,3,2024-11-01,8,4000.0
11465,5,1,2024-06-02,2,2400.0
11466,6,3,2025-02-21,2,1000.0
11467,5,11,2024-12-29,8,960.0
11468,1,8,2024-10-26,8,560.0
11469,5,11,2024-07-18,5,600.0
11470,6,10,2025-01-01,10,800.0
11471,1,11,2024-04-05,2,240.0
11472,4,2,2024-06-13,7,5600.0
11473,3,6,2024-08-11,6,1800.0
11474,2,2,2024-03-28,8,6400.0
11475,4,1,2024-08-22,4,4800.0
11476,3,4,2024-07-15,10,250.0
11477,6,12,2024-03-25,3,90.0
11478,6,11,2024-03-13,4,480.0
11479,6,12,2024-06-03,4,120.0
11480,5,6,2024-07-14,5,1500.0
11481,2,9,2025-02-03,5,1250.0
11482,5,5,2024-09-17,1,50.0
11483,2,1,2024-11-21,5,6000.0
11484,3,9,2024-03-02,9,2250.0
11485,5,7,2024-12-18,5,750.0
11486,3,9,2024-11-27,1,250.0
11487,3,11,2024-10-01,3,360.0
11488,3,5,2024-09-07,2,100.0
11489,6,8,2024-06-16,7,490.0
11490,5,12,2024-12-25,4,120.0
11491,2,6,2024-09-02,3,900.0
11492,5,5,2025-01-25,5,250.0
11493,6,12,2024-08-13,3,90.0
11494,6,1,2025-01-29,9,10800.0
11495,2,3,2024-05-19,5,2500.0
11496,4,9,2025-02-04,6,1500.0
11497,6,4,2024-04-11,6,150.0
11498,6,7,2024-03-25,1,150.0
11499,4,6,2024-12-03,2,600.0
11500,4,3,2024-04-02,1,500.0
11501,2,9,2024-03-19,6,1500.0
11502,3,9,2024-09-26,2,500.0
11503,2,6,2025-02-19,4,1200.0
11504,6,3,2024-07-03,10,5000.0
11505,2,12,2025-02-07,1,30.0
11506,4,10,2024-04-09,6,480.0
11507,2,5,2024-10-02,9,450.0
11508,1,6,2024-10-19,6,1800.0
11509,6,10,2025-02-09,7,560.0
11510,4,8,2024-06-20,10,700.0
11511,2,2,2024-10-02,2,1600.0
11512,4,8,2024-12-16,5,350.0
11513,5,11,2024-12-03,9,1080.0
11514,6,4,2025-01-10,10,250.0
11515,2,7,2024-05-12,2,300.0
11516,6,9,2024-10-20,7,1750.0
11517,4,10,2024-11-24,4,320.0
11518,4,10,2024-12-21,4,320.0
11519,5,8,2024-11-18,5,350.0
11520,1,2,2024-09-09,9,7200.0
11521,1,7,2024-07-20,6,900.0
11522,6,3,2024-10-11,10,5000.0
11523,3,4,2024-12-19,9,225.0
11524,6,2,2024-10-01,4,3200.0
11525,5,6,2024-09-25,10,3000.0
11526,2,12,2024-07-14,6,180.0
11527,4,10,2024-05-19,6,480.0
11528,5,6,2024-05-27,1,300.0
11529,6,12,2024-05-07,1,30.0
11530,3,8,2025-01-06,3,210.0
11531,4,3,2024-08-25,3,1500.0
11532,6,5,2024-10-12,3,150.0
11533,6,9,2024-06-07,2,500.0
11534,4,8,2024-04-09,6,420.0
11535,6,4,2024-11-11,9,225.0
11536,6,3,2024-07-21,1,500.0
11537,1,9,2024-11-03,1,250.0
11538,3,3,2024-08-13,4,2000.0
11539,4,3,2024-10-18,7,3500.0
11540,1,5,2024-09-29,10,500.0
11541,5,2,2024-12-11,4,3200.0
11542,4,3,2024-02-27,9,4500.0
11543,3,5,2025-01-09,1,50.0
11544,4,12,2024-08-11,4,120.0
11545,6,6,2024-10-25,10,3000.0
11546,1,4,2025-01-25,8,200.0
11547,1,9,2024-02-28,6,1500.0
11548,3,3,2024-12-17,10,5000.0
11549,1,2,2024-11-01,1,800.0
11550,5,12,2024-10-20,1,30.0
11551,2,6,2024-05-31,1,300.0
11552,1,11,2024-10-16,3,360.0
11553,5,8,2024-09-11,5,350.0
11554,3,12,2024-04-07,9,270.0
11555,2,10,2024-09-27,8,640.0
11556,4,5,2024-05-27,9,450.0
11557,1,12,2024-04-04,9,270.0
11558,6,3,2024-04-24,10,5000.0
11559,6,6,2024-04-30,2,600.0
11560,3,3,2024-11-11,5,2500.0
11561,6,11,2024-10-18,2,240.0
11562,1,7,2024-12-03,1,150.0
11563,3,11,2024-11-14,9,1080.0
11564,2,10,2024-12-01,4,320.0
11565,1,10,2024-06-06,8,640.0
11566,2,8,2024-06-24,10,700.0
11567,4,8,2024-08-17,4,280.0
11568,5,8,2024-08-25,5,350.0
11569,6,1,2024-03-22,2,2400.0
11570,3,10,2024-04-29,3,240.0
11571,1,9,2024-12-25,5,1250.0
11572,6,1,2024-08-01,8,9600.0
11573,5,8,2024-09-03,9,630.0
11574,6,5,2024-05-28,2,100.0
11575,3,12,2024-09-07,1,30.0
11576,3,10,2025-01-06,8,640.0
11577,2,10,2025-01-06,5,400.0
11578,3,1,2024-05-05,5,6000.0
11579,4,4,2024-03-10,1,25.0
11580,3,10,2024-09-23,3,240.0
11581,3,10,2024-05-24,5,400.0
11582,4,5,2024-11-19,7,350.0
11583,4,9,2024-12-14,6,1500.0
11584,3,12,2025-01-06,6,180.0
11585,3,4,2024-10-22,8,200.0
11586,1,3,2024-07-22,7,3500.0
11587,5,6,2024-05-12,3,900.0
11588,4,2,2024-06-06,4,3200.0
11589,3,3,2024-12-29,2,1000.0
11590,1,4,2024-03-15,10,250.0
11591,3,12,2024-09-28,2,60.0
11592,1,8,2024-03-10,8,560.0
11593,5,12,2024-04-30,1,30.0
11594,2,2,2024-05-02,4,3200.0
11595,2,1,2024-07-11,6,7200.0
11596,2,9,2024-04-18,4,1000.0
11597,2,1,2024-02-27,3,3600.0
11598,3,1,2024-07-13,5,6000.0
11599,3,12,2024-11-07,9,270.0
11600,4,7,2024-03-17,8,1200.0
11601,5,12,2024-05-09,1,30.0
11602,5,6,2024-04-15,2,600.0
11603,5,10,2024-06-14,9,720.0
11604,3,4,2025-01-23,4,100.0
11605,1,10,2024-08-13,4,320.0
11606,4,2,2024-05-11,2,1600.0
11607,1,4,2024-04-12,1,25.0
11608,1,8,2024-12-08,3,210.0
11609,5,3,2024-06-02,8,4000.0
11610,4,9,2024-06-11,6,1500.0
11611,5,1,2024-11-14,8,9600.0
11612,6,3,2025-01-12,7,3500.0
11613,5,8,2025-01-14,6,420.0
11614,2,12,2024-07-08,7,210.0
11615,3,4,2024-10-03,8,200.0
11616,2,12,2024-09-29,4,120.0
11617,1,1,2025-01-09,6,7200.0
11618,4,5,2025-01-07,7,350.0
11619,2,5,2024-10-26,10,500.0
11620,5,1,2024-07-12,3,3600.0
11621,1,3,2025-02-14,6,3000.0
11622,2,7,2024-08-06,4,600.0
11623,3,3,2025-01-06,9,4500.0
11624,6,12,2024-05-16,8,240.0
11625,3,7,2024-04-15,4,600.0
11626,1,2,2025-01-11,8,6400.0
11627,2,5,2024-12-17,8,400.0
11628,2,4,2024-08-24,6,150.0
11629,2,12,2024-12-04,7,210.0
11630,3,7,2024-05-06,3,450.0
11631,6,2,2024-07-21,1,800.0
11632,5,3,2024-07-28,7,3500.0
11633,1,1,2025-01-01,7,8400.0
11634,4,10,2024-10-22,6,480.0
11635,5,3,2024-08-26,5,2500.0
11636,1,10,2024-06-18,4,320.0
11637,5,5,2024-04-19,6,300.0
11638,6,11,2024-06-17,6,720.0
11639,4,7,2025-01-07,8,1200.0
11640,3,12,2024-03-09,7,210.0
11641,4,8,2025-02-22,3,210.0
11642,1,12,2024-08-21,3,90.0
11643,2,8,2024-07-29,4,280.0
11644,2,8,2024-04-13,6,420.0
11645,2,6,2024-06-14,8,2400.0
11646,5,11,2024-03-18,3,360.0
11647,4,7,2024-07-16,10,1500.0
11648,6,11,2024-04-12,4,480.0
11649,2,12,2024-11-29,4,120.0
11650,4,2,2024-06-23,1,800.0
11651,5,4,2024-05-08,9,225.0
11652,2,7,2024-11-19,9,1350.0
11653,2,10,2024-05-05,5,400.0
11654,1,11,2024-09-14,6,720.0
11655,2,2,2024-06-10,4,3200.0
11656,1,3,2024-03-13,3,1500.0
11657,3,6,2024-06-15,2,600.0
11658,1,7,2024-11-19,6,900.0
11659,6,11,2024-09-15,4,480.0
11660,2,9,2024-11-24,8,2000.0
11661,5,9,2024-09-12,4,1000.0
11662,4,8,2024-11-24,8,560.0
11663,5,1,2024-08-06,1,1200.0
11664,5,12,2024-07-12,7,210.0
11665,5,7,2024-07-24,1,150.0
11666,2,5,2024-03-22,8,400.0
11667,5,11,2024-05-28,10,1200.0
11668,3,9,2024-06-06,10,2500.0
11669,6,6,2024-09-21,2,600.0
11670,6,12,2024-11-21,6,180.0
11671,5,4,2024-11-13,6,150.0
11672,1,11,2024-06-12,10,1200.0
11673,2,11,2024-03-25,4,480.0
11674,2,5,2025-01-09,2,100.0
11675,2,1,2024-11-23,4,4800.0
11676,2,2,2024-07-28,10,8000.0
11677,1,7,2024-03-07,2,300.0
11678,6,8,2024-10-23,6,420.0
11679,2,1,2024-11-25,10,12000.0
11680,2,4,2024-12-23,6,150.0
11681,1,6,2024-07-13,3,900.0
11682,1,9,2024-08-09,3,750.0
11683,3,3,2024-07-07,3,1500.0
11684,5,3,2024-10-19,1,500.0
11685,4,7,2024-10-14,9,1350.0
11686,5,4,2024-06-11,3,75.0
11687,5,10,2024-03-15,3,240.0
11688,6,4,2024-03-29,1,25.0
11689,1,5,2024-05-31,1,50.0
11690,2,4,2024-05-06,10,250.0
11691,2,3,2024-06-11,8,4000.0
11692,2,2,2024-08-07,6,4800.0
11693,3,11,2024-05-31,8,960.0
11694,6,3,2024-09-13,10,5000.0
11695,6,3,2024-11-21,1,500.0
11696,1,3,2024-10-26,10,5000.0
11697,5,6,2025-02-12,5,1500.0
11698,1,8,2025-02-25,10,700.0
11699,2,1,2024-07-13,5,6000.0
11700,5,1,2024-04-09,6,7200.0
11701,3,1,2024-09-15,3,3600.0
11702,5,5,2025-01-25,9,450.0
11703,2,1,2025-01-12,8,9600.0
11704,1,9,2025-02-09,3,750.0
11705,6,6,2024-10-10,9,2700.0
11706,5,6,2024-07-06,10,3000.0
11707,3,12,2024-12-01,6,180.0
11708,2,12,2024-03-19,9,270.0
11709,1,7,2025-01-29,4,600.0
11710,6,9,2024-04-20,1,250.0
11711,5,11,2024-04-13,4,480.0
11712,3,10,2024-11-21,7,560.0
11713,2,1,2024-08-11,3,3600.0
11714,4,11,2025-02-10,9,1080.0
11715,5,7,2025-02-21,9,1350.0
11716,6,10,2024-08-19,2,160.0
11717,4,4,2024-09-20,2,50.0
11718,1,11,2025-02-14,9,1080.0
11719,2,3,2024-10-03,10,5000.0
11720,4,10,2024-11-16,2,160.0
11721,4,5,2025-01-26,8,400.0
11722,1,12,2024-06-15,1,30.0
11723,5,5,2024-03-22,8,400.0
11724,1,1,2024-09-20,2,2400.0
11725,3,8,2024-12-19,10,700.0
11726,3,3,2024-12-16,9,4500.0
11727,5,8,2024-03-09,10,700.0
11728,4,5,2024-02-29,7,350.0
11729,4,10,2024-04-01,5,400.0
11730,6,6,2024-11-21,7,2100.0
11731,2,10,2024-07-20,4,320.0
11732,5,5,2024-08-29,8,400.0
11733,4,12,2024-06-09,9,270.0
11734,6,1,2024-05-24,10,12000.0
11735,2,10,2024-08-09,8,640.0
11736,6,8,2024-09-03,8,560.0
11737,3,11,2024-12-27,9,1080.0
11738,3,12,2024-05-03,10,300.0
11739,1,2,2025-02-08,4,3200.0
11740,6,1,2024-08-13,1,1200.0
11741,2,5,2024-05-09,9,450.0
11742,3,12,2024-08-20,3,90.0
11743,4,8,2025-02-21,9,630.0
11744,5,12,2024-03-03,10,300.0
11745,3,1,2024-06-28,1,1200.0
11746,6,11,2024-06-15,10,1200.0
11747,6,12,2024-08-06,1,30.0
11748,6,1,2024-10-06,3,3600.0
11749,2,2,2024-12-17,10,8000.0
11750,3,3,2024-06-16,4,2000.0
11751,6,12,2024-06-23,1,30.0
11752,5,11,2024-04-27,9,1080.0
11753,5,9,2024-09-12,5,1250.0
11754,2,11,2024-12-24,6,720.0
11755,2,7,2024-09-04,4,600.0
11756,6,1,2024-04-09,10,12000.0
11757,4,3,2024-07-13,5,2500.0
11758,4,6,2024-02-29,1,300.0
11759,3,10,2024-07-23,9,720.0
11760,2,3,2024-07-09,5,2500.0
11761,4,6,2024-09-04,1,300.0
11762,5,7,2024-12-01,7,1050.0
11763,1,2,2024-05-26,3,2400.0
11764,1,1,2024-05-26,4,4800.0
11765,1,11,2025-02-06,9,1080.0
11766,1,4,2025-02-05,6,150.0
11767,1,7,2025-01-11,1,150.0
11768,2,4,2025-01-17,3,75.0
11769,5,6,2024-07-22,8,2400.0
11770,6,8,2024-07-25,10,700.0
11771,3,5,2024-07-31,10,500.0
11772,2,11,2024-04-17,6,720.0
11773,1,8,2024-04-19,5,350.0
11774,6,6,2024-05-21,1,300.0
11775,3,11,2024-07-01,6,720.0
11776,1,4,2024-10-08,9,225.0
11777,1,7,2024-05-24,7,1050.0
11778,4,1,2024-08-25,5,6000.0
11779,3,12,2025-01-21,2,60.0
11780,1,1,2025-01-02,7,8400.0
11781,1,3,2025-02-03,6,3000.0
11782,1,2,2024-07-14,8,6400.0
11783,3,2,2025-02-18,7,5600.0
11784,2,3,2025-01-29,7,3500.0
11785,6,4,2024-10-16,10,250.0
11786,6,3,2024-06-21,1,500.0
11787,4,6,2024-06-27,2,600.0
11788,1,7,2024-12-25,5,750.0
11789,6,11,2024-03-11,8,960.0
11790,6,9,2024-05-14,2,500.0
11791,6,12,2024-06-04,7,210.0
11792,1,6,2024-07-30,5,1500.0
11793,2,9,2024-04-06,1,250.0
11794,1,11,2024-06-12,5,600.0
11795,1,1,2024-10-09,6,7200.0
11796,2,3,2024-05-14,6,3000.0
11797,4,12,2024-03-21,9,270.0
11798,1,9,2024-10-24,2,500.0
11799,6,4,2024-08-13,10,250.0
11800,5,3,2025-02-09,10,5000.0
11801,1,11,2024-12-26,2,240.0
11802,4,1,2024-06-14,2,2400.0
11803,5,5,2025-02-11,6,300.0
11804,1,1,2024-04-30,3,3600.0
11805,3,2,2024-11-01,2,1600.0
11806,5,5,2024-10-06,4,200.0
11807,6,8,2024-09-13,2,140.0
11808,6,10,2024-07-24,7,560.0
11809,4,4,2024-06-17,4,100.0
11810,2,3,2024-05-26,5,2500.0
11811,2,2,2024-08-26,10,8000.0
11812,5,2,2025-02-20,10,8000.0
11813,1,1,2024-06-29,4,4800.0
11814,1,2,2025-01-16,4,3200.0
11815,6,4,2025-01-09,6,150.0
11816,2,6,2024-10-06,9,2700.0
11817,5,11,2024-07-06,8,960.0
11818,3,6,2024-12-03,2,600.0
11819,6,8,2024-03-19,1,70.0
11820,5,11,2025-02-22,8,960.0
11821,3,11,2024-06-07,7,840.0
11822,5,1,2025-01-03,1,1200.0
11823,1,7,2024-12-28,10,1500.0
11824,1,12,2024-06-18,1,30.0
11825,1,1,2024-08-26,5,6000.0
11826,4,1,2024-05-31,3,3600.0
11827,4,11,2024-08-09,9,1080.0
11828,6,8,2024-07-11,1,70.0
11829,1,3,2024-07-27,1,500.0
11830,2,6,2024-11-30,8,2400.0
11831,3,2,2024-06-18,3,2400.0
11832,6,8,2024-12-22,3,210.0
11833,2,11,2024-07-19,4,480.0
11834,5,4,2024-04-22,10,250.0
11835,4,5,2025-02-02,8,400.0
11836,6,2,2024-04-29,6,4800.0
11837,3,6,2024-07-06,9,2700.0
11838,2,12,2025-02-16,5,150.0
11839,5,11,2025-01-11,1,120.0
11840,4,4,2024-07-04,8,200.0
11841,2,10,2024-07-01,5,400.0
11842,4,6,2024-11-17,8,2400.0
11843,2,2,2024-11-08,6,4800.0
11844,5,6,2024-06-19,3,900.0
11845,2,10,2024-11-04,3,240.0
11846,4,12,2025-02-06,1,30.0
11847,1,3,2024-03-28,8,4000.0
11848,4,11,2024-11-05,10,1200.0
11849,4,3,2024-10-31,7,3500.0
11850,1,9,2024-05-04,5,1250.0
11851,3,3,2024-11-27,4,2000.0
11852,4,2,2025-01-29,9,7200.0
11853,3,5,2024-12-29,7,350.0
11854,4,4,2024-11-11,2,50.0
11855,1,12,2024-07-18,5,150.0
11856,3,7,2024-11-24,6,900.0
11857,2,1,2024-10-12,2,2400.0
11858,2,1,2024-07-03,1,1200.0
11859,2,12,2025-02-13,9,270.0
11860,4,6,2024-10-15,1,300.0
11861,6,9,2025-02-21,6,1500.0
11862,5,12,2025-01-27,4,120.0
11863,3,4,2024-09-23,7,175.0
11864,2,2,2024-12-12,6,4800.0
11865,3,5,2024-12-09,1,50.0
11866,5,9,2024-02-28,10,2500.0
11867,4,5,2024-03-30,3,150.0
11868,5,10,2024-07-12,6,480.0
11869,4,8,2024-05-22,5,350.0
11870,1,1,2025-02-07,6,7200.0
11871,3,6,2024-08-11,3,900.0
11872,3,2,2024-04-07,3,2400.0
11873,6,2,2024-05-12,3,2400.0
11874,6,6,2024-10-30,6,1800.0
11875,2,5,2024-05-24,5,250.0
11876,4,10,2024-06-20,7,560.0
11877,6,10,2024-12-31,1,80.0
11878,2,10,2024-10-05,2,160.0
11879,1,6,2024-05-17,2,600.0
11880,2,10,2025-01-18,1,80.0
11881,3,7,2024-09-09,6,900.0
11882,4,11,2024-05-07,6,720.0
11883,2,11,2024-08-26,8,960.0
11884,2,1,2025-01-18,5,6000.0
11885,4,1,2024-04-25,6,7200.0
11886,2,10,2024-11-28,10,800.0
11887,1,1,2024-07-20,10,12000.0
11888,2,6,2024-05-13,6,1800.0
11889,2,10,2024-11-05,3,240.0
11890,2,3,2024-11-03,6,3000.0
11891,6,4,2024-03-08,5,125.0
11892,2,10,2024-10-15,1,80.0
11893,2,10,2025-01-31,8,640.0
11894,6,9,2024-11-28,3,750.0
11895,1,9,2024-04-26,6,1500.0
11896,3,8,2024-11-18,9,630.0
11897,4,9,2025-02-07,2,500.0
11898,2,9,2024-08-08,5,1250.0
11899,4,12,2024-08-07,3,90.0
11900,5,4,2024-12-09,8,200.0
11901,6,5,2024-03-31,3,150.0
11902,1,1,2024-04-02,8,9600.0
11903,6,1,2024-10-30,7,8400.0
11904,5,7,2025-01-22,2,300.0
11905,3,12,2024-05-15,4,120.0
11906,4,2,2024-08-20,8,6400.0
11907,5,11,2024-05-21,3,360.0
11908,5,2,2024-10-22,7,5600.0
11909,6,12,2024-12-01,4,120.0
11910,1,12,2024-03-02,9,270.0
11911,6,3,2025-01-16,1,500.0
11912,5,2,2024-04-30,3,2400.0
11913,5,7,2024-12-17,2,300.0
11914,3,10,2024-11-25,4,320.0
11915,4,7,2024-11-18,3,450.0
11916,2,7,2024-07-29,5,750.0
11917,6,9,2025-01-21,5,1250.0
11918,3,6,2024-05-31,6,1800.0
11919,4,4,2024-06-13,7,175.0
11920,6,6,2024-07-21,3,900.0
11921,3,11,2024-09-09,6,720.0
11922,2,9,2024-11-23,7,1750.0
11923,1,7,2024-05-28,1,150.0
11924,5,4,2024-06-22,4,100.0
11925,3,7,2024-09-01,7,1050.0
11926,1,2,2024-05-17,7,5600.0
11927,6,10,2025-01-15,7,560.0
11928,6,1,2024-04-30,6,7200.0
11929,1,8,2024-04-27,1,70.0
11930,3,4,2024-11-20,10,250.0
11931,1,4,2025-01-19,4,100.0
11932,6,3,2024-10-18,2,1000.0
11933,3,6,2024-10-11,3,900.0
11934,5,5,2024-07-10,4,200.0
11935,4,10,2024-09-07,10,800.0
11936,4,4,2025-01-31,1,25.0
11937,2,8,2024-10-11,4,280.0
11938,4,10,2024-12-25,2,160.0
11939,1,12,2024-06-12,1,30.0
11940,6,4,2024-09-13,10,250.0
11941,3,12,2024-06-12,7,210.0
11942,2,6,2024-05-18,1,300.0
11943,3,12,2024-08-10,4,120.0
11944,5,12,2025-02-24,10,300.0
11945,1,9,2024-11-13,10,2500.0
11946,3,4,2024-08-31,7,175.0
11947,1,3,2024-07-11,2,1000.0
11948,2,9,2024-09-03,3,750.0
11949,1,11,2024-12-11,10,1200.0
11950,5,4,2024-05-16,7,175.0
11951,1,6,2024-06-01,4,1200.0
11952,6,2,2024-07-24,1,800.0
11953,5,9,2024-10-05,10,2500.0
11954,1,5,2024-11-26,1,50.0
11955,6,11,2024-11-04,1,120.0
11956,4,1,2024-08-17,6,7200.0
11957,1,11,2025-01-15,8,960.0
11958,1,12,2024-05-10,3,90.0
11959,4,6,2024-04-11,1,300.0
11960,2,10,2024-03-13,2,160.0
11961,2,7,2024-06-12,1,150.0
11962,2,7,2024-10-02,1,150.0
11963,5,5,2024-03-15,5,250.0
11964,3,6,2024-08-25,3,900.0
11965,5,11,2024-11-02,9,1080.0
11966,5,6,2024-12-24,3,900.0
11967,1,7,2024-04-29,7,1050.0
11968,6,6,2024-11-16,8,2400.0
11969,4,12,2024-07-03,8,240.0
11970,2,2,2024-04-30,10,8000.0
11971,6,8,2024-12-07,1,70.0
11972,1,12,2024-08-06,10,300.0
11973,3,2,2024-11-03,3,2400.0
11974,5,4,2024-10-18,8,200.0
11975,2,6,2024-10-26,1,300.0
11976,4,8,2024-06-30,2,140.0
11977,6,2,2024-06-17,2,1600.0
11978,3,3,2024-07-07,9,4500.0
11979,4,1,2024-10-20,2,2400.0
11980,1,10,2025-01-02,10,800.0
11981,5,2,2024-12-13,4,3200.0
11982,4,9,2024-12-29,9,2250.0
11983,3,10,2024-12-31,4,320.0
11984,1,10,2024-12-16,7,560.0
11985,1,1,2024-12-31,5,6000.0
11986,6,5,2024-05-31,8,400.0
11987,3,8,2024-08-02,6,420.0
11988,6,5,2024-05-16,7,350.0
11989,6,11,2025-02-02,6,720.0
11990,3,2,2024-07-10,10,8000.0
11991,4,12,2025-02-10,2,60.0
11992,1,9,2024-06-30,3,750.0
11993,6,8,2024-12-10,4,280.0
11994,1,1,2024-08-24,8,9600.0
11995,5,11,2025-01-12,4,480.0
11996,4,9,2025-01-28,5,1250.0
11997,4,1,2024-06-12,2,2400.0
11998,1,4,2024-08-14,6,150.0
11999,1,11,2024-04-04,10,1200.0
12000,4,3,2025-02-12,2,1000.0
